piece1	piece2	set
bb07pb01	bb07	102-1
bb236bc01	bb236ac01	103-1
x486a	x486	103-1
3065	3004	111-2
737	3176	111-2
737bc01	3176c01	111-2
3009	crssprt02	111-2
3008	crssprt01	111-2
737	3176	112-2
737c01	3176c01	112-2
4476	4476a	6980-1
2412a	2412b	6981-1
2412b	2412a	6984-1
4285a	4285b	6984-1
3023	3700	6987-1
5306bc015	5306ac015	6990-1
bb53	bb53b	704-1
2456	3009	7184-1
trainrim	trainrim	720-2
trainrim	trainrim	721-1
3660old	3660	780-1
737	3176	115-2
737c01	3176c01	115-2
3058a	3058b	115-2
bb07	bb06	116-1
bb45c01	bb45c02	116-1
trainrim	trainrim	116-1
wheel1b	wheel2a	116-1
wheel1a	wheel2b	116-1
737	737ac02	116-1
737bc01	737ac01	116-1
3008	3008pb008	116-1
3065	3004	116-1
737c01	737ac01	117-1
wheel1a	wheel2a	117-1
737	737ac02	117-1
3065	3004	117-1
4032	4032b	7046-1
7710stk01a	7710stk01b	7710-1
3001	3001old	7710-1
3040	3040a	7710-1
x461	7730stk01a	7730-1
3241	2731a	7740-1
bb07	bb06	119-1
bb45c01	bb45c02	119-1
wheel1b	wheel2a	119-1
wheel1a	wheel2b	119-1
3001old	3001old	119-1
3020	3020	119-1
trainrim	trainrim	120-1
trainrim	trainrim	122-1
4532	4532a	1253-1
33051	33051	1254-1
996ac15	x466c15	127-1
trainrim	trainrim	127-1
737	737ac01	127-1
737bc01	737ac02	127-1
wheel1b	wheel2a	127-1
wheel1a	wheel2b	127-1
7026bc01	7026	131-1
x655c02	fabba5	134-2
772p01	3245apb01	137-2
x461	x461b	7750-1
3001	3001old	7810-1
3002	3002old	7810-1
x110c01	518	1492-1
4085b	4085c	1492-1
3027	3027	152-1
737	3176	152-1
737c01	3176c01	152-1
7810stk01b	7810stk01a	7810-1
7818stk01a	7818stk01b	7818-1
3404ac01	3404bc01	153-1
737c01	3176c01	153-1
737	737b	153-1
3942a	3942c	1557-1
813a	812	158-1
3855a	3855	1590-2
hngpltD	4275a	1590-2
hngpltS	4276a	1590-2
3942b	3942c	1682-1
3943b	3943a	1682-1
3962a	3962b	1714-1
x110c01	518	1788-1
30389b	30389c	7046-1
518	x110c01	1795-1
2362a	2362b	1831-1
4215a	4215b	1831-1
x110c01	518	1871-1
4085c	4085b	1974-3
2493	2494	7824-1
4166	767	7852-1
2362a	2362b	2149-1
4215a	4215b	2149-1
x110c01	518	3051-1
518	x110c01	3052-1
x110c01	518	3053-1
3942c	3942b	3053-1
Scalashortrod	x3	3119-1
3242d	3242b	7860-1
4166	767	7860-1
765c28	766c28	7861-1
08010ac01	08010bc01	7861-1
3678b	3678a	3310-1
73090a	73090b	7865-1
3406stk01	3406stk03	3406-1
3407stk01	3407stk02	3407-1
6019	6019	3409-1
766c96	2775c96	7867-1
x655c02	fabba5	344-2
3068a	3068b	361-1
4532	4532a	3623-1
4532	4532a	3645-1
4532	4532a	3646-1
4532	4532a	3674-1
Fab3e	fab3i	3701-1
3040	3040a	375-2
3040	3040a	376-2
x187	3648	8229-1
x187	3648	8244-1
32310pb02	32310pb06	8307-1
4697a	4697b	8443-1
4265a	4265a	8443-1
2412a	2412b	4031-1
4873	6140	4031-1
2865	2865	4515-1
32087	32087	4519-1
2867	2867	4520-1
2867	2867	4531-1
2861	2861	4531-1
2859	2859	4531-1
6099px2	6099p03	454-1
6134	3938	4546-1
2412b	2412a	4547-1
70931	70928b	4548-1
2924a	2924b	4551-1
2412b	2412a	4551-1
3962a	3962b	4552-1
3228b	3228c	4555-1
4093c	4093a	4558-1
2412a	2412b	4558-1
3650a	3650a	850-1
70931	70928b	4561-1
2924a	2924b	4563-1
3029	2420	4563-1
70928	70931	4563-1
70931	70928	4564-1
2739b	2739a	4565-1
4864a	4864b	4565-1
3650a	3650a	851-1
3650a	3650a	852-1
3020	3031	852-1
3650a	3650a	853-1
69c01	69c02	858-1
tech003	2715	8620-1
tech011	tech011a	8680-1
3650a	3650a	870-1
3660pb01	3660p01	483-1
3839a	3839b	483-1
3943a	3943b	497-1
3242b	3242d	5085-1
3650b	3650a	8720-1
2857	6581	8828-1
4266	6582	8828-1
4265b	4265a	8838-1
4273	4273a	8838-1
hngpltD	4275a	8844-1
hngpltS	4276a	8844-1
wc018	wc018a	7044-1
wc019	wc019a	7044-1
73590c02a	73590c02c	8623-1
3713	3713	8601-1
4276a	4276	5580-1
4275a	4275	5580-1
3942b	3942c	5590-1
4265b	4265a	5590-1
3040	3040a	560-1
3044	3044a	560-1
6124	6124	5825-1
3942b	3942c	5844-1
6254	6254	5847-1
2793c02	2793c01	8854-1
2797c03	2797c02	8854-1
590stk01	590stk01int	590-1
2362a	2362b	5928-1
4085c	4085b	6012-1
4085c	4085b	6016-1
4085a	4085b	6030-1
4491b	4491a	6034-1
4085c	4085b	6035-1
4085a	4085b	6040-1
4275a	4275	6055-1
4276a	4276	6055-1
4085c	4085b	6074-1
3001	3001old	6081-1
4738bc01	4738ac01	6081-1
4491b	4491a	6081-1
3942b	3942c	6083-2
69c01	69c02	8858-2
7039	7039d	316-2
4519	4519	8601-1
31005pb01	31005pb04	2085-1
32062	3704	8531-1
32062	3704	8533-1
3003	3003	322-1
2527	2527	5134-1
x110c01	518	5134-1
3634	3634b	392-1
3482	g9	392-1
32270	32270	8601-1
sp006	sp063	886-1
69c01	69c02	8860-1
2793c01	2793c02	8862-1
x110c01	518	5060-1
4265a	4265b	6090-1
6024px3	6024px3	6199-1
4738bc01	4738ac01	6235-1
x110c01	518	6245-1
4738bc01	4738ac01	6247-1
x110c01	518	6249-1
x110c01	518	6250-1
3867p01	3867p01	6260-1
x110c01	518	6260-1
4738ac01	4738bc01	6260-1
x110c01	518	6263-1
x110c01	518	6265-1
x110c01	518	6266-1
x110c01	518	6267-1
518	x110c01	6268-1
2797c02	2797c03	8862-1
4459	2780	8865-1
4273	4273a	8865-1
x110c01	518	6271-1
2537a	2537b	6271-1
x110c01	518	6273-1
x110c01	518	6274-1
4738bc01	4738ac01	6274-1
2552px3	2552px6	6276-1
x110c01	bb39	6276-1
x110c01	518	6277-1
x110c01	518	6279-1
x110c01	518	6280-1
x110c01	518	6281-1
x110c01	518	6285-1
2335	2335	6285-1
3048a	3048	6285-1
4738bc01	4738ac01	6285-1
x110c01	518	6286-1
x110c01	518	6289-1
x110c01	518	6296-1
4285b	4285a	6336-1
4532	4532a	6358-1
4085b	4085c	6358-1
4081a	4081b	6371-1
4085a	4085b	6371-1
3001old	3001	6372-1
3002old	3002	6372-1
4345a	4345	6375-1
4347	2493a	6378-1
4081a	4081b	6378-1
4085a	4085b	6378-1
6100px2	6100pb01	6382-1
3855a	3855	6384-1
3009pb038	3009pb022	6384-1
3942a	3942c	6384-1
4081a	4081b	6384-1
4085a	4085b	6384-1
2493	4347	6386-1
4081a	4081b	6386-1
4085a	4085b	6386-1
4081b	4081a	6386-1
sp005	sp064	889-1
3839a	3839b	918-1
3660pb01	3660p01	920-2
3943a	3943b	928-1
3839a	3839b	928-1
3040a	3040	928-1
3942b	3942c	6396-1
6099px2	6099pb01	928-1
4186	4186	9286-1
4285a	4285b	6398-1
3962a	3962b	6398-1
4215a	4215b	6398-1
2412b	2412a	6398-1
3004p50	3004pb007	640-1
3183b	3183a	640-1
par017	par011	6416-1
4532	4532a	6432-1
3475a	3475b	6441-1
2412b	2412a	6441-1
4864a	4864b	6451-1
3062a	3062b	646-1
3005	4286	6531-1
4865	3005	6531-1
4085a	4085b	6542-1
2493	2493a	6542-1
2335	2335	6542-1
4085a	4085c	6542-1
4532	4532a	6547-1
4493c01pb03	4493c01pb01	6552-1
4081b	4081a	6658-1
x110c01	518	6716-1
3008pb013a	3008pb013b	675-1
x110c01	518	6761-1
3040a	3040	948-1
3650a	3650a	948-1
3040	3040a	950-1
3650a	3650a	954-1
3040a	3040	954-1
3650a	3650a	960-1
3650a	3650a	961-1
518	x110c01	6765-1
x110c01	518	6769-1
4081a	4081b	6805-1
4085c	3962b	6811-1
4085c	3962b	6833-1
3040	3040a	6841-1
3933	3933a	6848-2
3934	3934a	6848-2
3004	3021	6851-1
3660	3021	6851-1
6854stk01	EXPstk01	6854-1
3943b	3943a	6861-1
2418a	2418b	6887-1
48002a	48002b	7074-1
47394pb024	47394pb067	4680-1
47205pb009	47205pb001	4683-1
70931	70928b	10132-1
5102c138	5102c89	8436-1
4085c	3962b	6896-1
2412b	2412a	6897-1
4085b	4085c	6898-1
3962a	3962b	6923-1
4085b	4085c	6923-1
4345a	4345	6923-1
3937	6019	6923-1
4085b	4085a	6926-1
4081b	4081a	6926-1
3040	3040a	6927-1
3943b	3943a	6929-1
3475b	3475a	6931-1
2412a	2412b	6933-1
3475b	3475a	6952-1
3228b	3228a	6970-1
3839a	3839b	6970-1
32184	32184	8435-1
3647	3647	8434-1
30389b	30389c	4507-1
6538b	6538c	8271-1
4073	4073	8271-1
32344c01	32344c02	9754-1
x110c01	518	5139-1
31639c01pb02	31639c01pb01	2071-1
3023	3004	393-1
3069a	3069b	617-1
32bc01	33bc01	365-1
3003	6232	6775-1
3660pb06	3660pb07	7127-1
x151	x151	7312-1
30526	30526	7313-1
x131a	x131b	7314-1
3001	3001	7317-1
30585a	30585a	7317-1
230.1stk01a	230.1stk02a	230-1
232stk01a	232stk02a	232-1
3614b	3614a	232-1
3062b	3062a	261-1
x110c01	518	6290-1
x110c01	518	6291-1
2476	2476b	4709-1
33009px1	33009px1	4722-1
x469b	x469bopen	744-1
3062a	3062b	622-1
7026bc01	7026	346-2
31bc01	31	346-2
453bc01	453	346-2
x244px1	x244	575-1
x469bopen	x469b	107-1
bb81c96	x466	107-1
3706	3706	107-1
3614a	3614b	114-1
3127	3127b	722-1
3002	3002old	801-2
3002	3002old	805-1
2494	2493	809-1
3002	3002old	830-1
3001	3001old	830-1
3002	3002old	831-1
3001	3001old	831-1
3002	3002old	832-1
3001	3001old	832-1
3002	3002old	833-1
3001	3001old	833-1
3002	3002old	834-1
3001	3001old	834-1
bb141c01	x466	901-1
3706	3706	901-1
3010pb035e	3010pb035s	910-1
3010pb035s	3010pb035e	910-1
3127b	3127	910-1
GTFruit	3471	939-1
675px1	675p01	939-1
649pb08a	649pb08b	939-1
649pb10	649pb09	939-1
bb141ac14	765c15	970-1
766c96	bb141ac96	970-1
08010cc01	08010dc01	970-1
3067pb09	3067pb01	970-1
3865	3865	4222-1
1548stk01	1548stk02	1548-1
4697b	5102c76	5109-1
43362c01	43362c01	5225-1
x836cx1	x836cx3	2693-1
4555pb150	4555pb264	3092-1
30389	30389c	4793-1
3004p50	3004pb007	374-2
x547u	x547u	377-2
3037	3010	379-2
3183b	3183a	614-1
132-old	132-old	328-2
3614a	3614b	215-1
3660	3660old	256-1
3002oldpb05	3002oldpb06	256-1
x486a	x486	337-2
FTPine	GTPine	347-1
27bc01	27	347-1
7026bc01	7026	347-1
3033	3035	354-1
3027	3030	354-1
3069a	3069b	368-1
7039	7039d	317-1
4532	4532a	7163-1
43093	3749	8558-1
x37	x37	8560-1
x37	x37	8561-1
x37	x37	8562-1
x37	x37	8563-1
x37	x37	8564-1
x37	x37	8565-1
3069b	3069a	690-1
3068b	3068a	690-1
x110c01	518	6762-1
2476	2476b	6740-1
3183b	3183a	660-1
3614a	3614b	214-1
132-old	132-old	310-1
3137c02	3137c02	348-2
3137c01	3137c01	348-2
3067	3067	16-1
3068a	3068b	363-1
3070a	3070b	363-1
7026bc01	7026	340-3
27	27bc01	341-1
29bc01	29	342-1
7026bc01	7026	342-1
453bc01	453	342-1
3069a	3069b	367-1
3068a	3068b	367-1
30374	30374	10020-1
27bc01	27	343-1
7026bc01	7026	343-1
6197	6197b	5836-1
4532	4532a	5838-1
3709c	3709a	802-1
g15	g15	812-1
3709a	3709a	812-1
3706	3706	812-1
x148	x148	812-1
g9	g9	812-1
g21	g21	812-1
3705	3705	812-1
3707	3707	812-1
3009pb082	3009pb034	210-2
3036old	3036	210-2
3035old	3035	211-2
712old	712	212-1
713old	713	213-2
33bc01	32bc01	214-2
3034old	3034	227-1
712old	712	227-1
713old	713	227-1
3034old	3034	228-1
3035old	3035	228-1
3034old	3034	229-1
3036old	3036	229-1
FTCyp	FTCyp1	230-2
FTBirch	FTBirch1	230-2
FTOak	FTElm	230-2
FTPine	FTpine1	230-2
FTBush	FTBush1	230-2
FTFruit	FTFruitA1	230-2
bb108pb01	bb71pb01	231-2
x887px1	bb70pb01	231-2
822ac01	822ac01	235-1
821	821	235-1
39bc01	27bc01	236-1
3005pt0	3005pt0b	237-1
3005pt1	3005pt1b	237-1
3005pt2	3005pt2b	237-1
3005pt3	3005pt3b	237-1
3005pt4	3005pt4b	237-1
3005pt5	3005pt5b	237-1
3005pt6	3005pt6b	237-1
3005pt7	3005pt7b	237-1
3005pt8	3005pt8b	237-1
3005pt9	3005pt9b	237-1
bb394c48	bb393c48	245-1
crssprt01pb33	3008px19	261-2
260pb01	260pb01	261-2
662pb01	662pb01	262-1
263pb01	263pb01	263-2
664pb01	664pb01	264-2
265pb01	265pb01	265-2
266pb03	266pb03	266-2
667pb01	667pb01	267-1
268pb01	268pb01	268-2
270pb01	270pb05	270-1
270pb04	270pb06	270-1
270pb03	270pb07	270-1
270pb02	270pb08	270-1
6510	6510	7330-1
6510	6510	7332-1
3959	32013	4756-1
42073c02	42073c02	4757-1
32064	32064b	4748-1
3020	3710	4310-1
32064	32064	7214-1
7039	7039d	305-2
crssprt01pb33	crssprt01pb02	306-2
crssprt01pb33	3008pb014	307-2
crssprt01pb06	3008pb074	308-3
crssprt02pb08	crssprt02pb12	309-2
FTpine1	FTPine	309-2
3008pb011	3008pb015	310-5
3035oldpb01	3035pb01	310-5
3036oldpb01	3036pb01	310-5
3036oldpb02	3036pb02	310-5
712oldpb01	712pb01	310-5
3034old	3034	310-5
3035old	3035	310-5
3036old	3036	310-5
712old	712	310-5
822ac01	822ac01	310-5
3005ptU	3008	312-4
3008	crssprt01	312-4
3023	3023old	324-2
820	820	324-2
3036	3036	324-2
823a	823b	325-3
bb300	bb300LR	325-3
649pb02	649pb01	325-3
33bc01	32bc01	325-3
3183b	3183a	1551-2
2281px1	2281px1	9210-1
30389	30389c	7219-1
FTElm	FTFruitA1	700.0-1
FTCyp1	FTBirch1	700.0-1
crssprt02pb26	crssprt02pb23	700.0-1
crssprt02pb40	crssprt02pb19	700.0-1
crssprt01pb07	crssprt01pb09	700.0-1
3020	3710	4308-1
4859	48183	4032-2
clikits053	clikits053	7524-1
2362b	2362a	1831-2
36	36	329-1
4215b	4215a	1831-2
132-old	132-old	331-1
132-old	132-old	332-1
3176	3127b	332-1
132-old	132-old	333-2
3009p02	3009pb039	333-2
132-old	132-old	334-1
3023	3023old	334-1
3010pb023	3010pb084	335-2
132-old	132-old	335-2
3023	3023old	335-2
3404bc01	3404ac01	335-2
3004p50	3004pb053	336-1
132-old	132-old	375-1
3043	3044a	375-1
132-old	132-old	450-2
36	36	450-2
700eX	700eD	011-1
7026	7026bc01	011-1
32bc01	33bc01	011-1
700eX	700eD	022-1
700eX	700eD	033-2
645bc01	645	033-2
453bc01	453	033-2
700eX	700eD	044-1
7026bc01	7026	044-1
31bc01	31	044-1
453bc01	453	044-1
645bc01	645	044-1
3404ac01	3404ac02	145-1
7049b	7039	340-1
3127b	3127	400-1
3010pb035s	3010pb035e	402-1
3708	3708	404-1
3707	3707	404-1
3127	3127b	404-1
x248	x248	5944-1
3010pb036e	3010pb036s	611-1
47394pb001	47394pb072	4688-1
47394pb068	47394pb103	4689-1
3137c02	3137c02	644-1
7b	7b	644-1
3010pb036e	3010pb036s	645-2
7026bc01	7026	646-2
3183b	3183a	652-2
3069a	3069b	664-1
3010pb035s	3010pb035e	664-1
47394pb039	47394pb104	4689-1
4892	4892	4689-1
4911	4911	4689-1
3437	3437	4689-1
6490	6490	4689-1
47394pb031	47394pb034	4691-1
47394pb016	47394pb033	4691-1
47394pb032	47394pb035	4691-1
3854	60608	4956-1
60594	6556	4956-1
6538b	6538c	7659-1
sw036b	sw188	7659-1
sw109a	sw199	7659-1
4592c02	4592c02	7658-1
2436	2436	5941-1
6111	6111	5941-1
3003	3003	5941-1
4073	4073	5941-1
6936	6936	5941-1
3068b	3068b	5941-1
4080	4080	5941-1
47474	47474	8774-1
47474	47474	8773-1
3747a	3747b	7658-1
48494pb02	48494pb04	8799-1
48494pb05	48494	8800-1
4859	48183	4032-3
4859	48183	4032-4
4859	48183	4032-5
32064	32064b	4504-2
3048	3048b	4886-1
3046a	3046b	4886-1
3037	3037b	4886-1
3049	3049c	4886-1
32018	4217	4886-1
2476	2476b	4501-2
4449	4449	10159-1
air021	air010	10159-1
air002	air024	10159-1
air009	air028	10159-1
air007	air026	10159-1
air008	air027	10159-1
4032	4032b	10159-1
par048	twn037	10159-1
jbr001	jbr001a	10159-1
3849	3849	8874-1
3008p03	3008pb064	348-1
32bc01	33bc01	350-1
7026bc01	7026	350-1
453bc01	453	350-1
646bc01	646	350-1
GTPine	3471	352-1
x1170px1	x1454px1	355-1
GTBush3	3471	355-1
777px7	3596pb02	355-1
3144	3144	356-1
GTFruit	3471	356-1
32bc01	33bc01	356-1
374px2	3857pb01	356-1
x244px3	x244	373-1
3069a	3069b	373-1
3004	3010	360-1
3010pb035s	3010pb035e	364-1
649pb10	649pb09	364-1
649pb08a	649pb08b	364-1
36	36	057-1
132-old	132-old	058-1
7026bc01	7026bc01	456-2
3005pt2	3005pt2	487-2
3005pt3	3005pt3	487-2
3005pt4	3005pt4	487-2
3005pt5	3005pt5	487-2
3005pt6	3005pt6	487-2
3005pt7	3005pt7	487-2
3005pt8	3005pt8	487-2
3005pt9	3005pt9	487-2
747pb03c02R	747pb03c02L	489-1
FTFruitH	FTFruitAH	490-2
3001oldpb02	3009pt1	491-2
3009pb002	3009pb010	491-2
3008pb032	3008px2	491-2
3009pb034	3009px8	491-2
3009pb009	3009px1	491-2
3009pb018	3009px2	491-2
650	650	901-2
33bc01	32bc01	914-1
39	39bc01	914-1
29	29bc01	914-1
27	27bc01	914-1
7026	7026bc01	914-1
31	31bc01	914-1
453	453bc01	914-1
645	645bc01	914-1
646	646bc01	914-1
4589	4589	8874-1
3660	3665	8874-1
4495	4495	8874-1
3004	3004	8875-1
4495	4495	8875-1
3048	3048	8875-1
cas258	cas258a	8875-1
3008	3008	8875-1
4151b	4151	8875-1
4032	4032b	8649-1
777p03	777px7	990-1
3008p03	3008pb064	990-1
4186a	4186a	079-1
7039	7039d	314-2
6216m1	6216m2	1175-1
374px2	3857pb01	540-3
GTFruit	3471	540-3
3144	3144	540-3
32bc01	33bc01	540-3
GTFruit	3471	940-1
649pb08a	649pb08b	940-1
649pb10	649pb09	940-1
3942a	3942c	1212-1
30649	30649	4617-1
7026bc01	7026	349-1
646bc01	646	349-1
7026bc01	7026	344-1
453bc01	453	344-1
29bc01	29	345-1
27bc01	27	345-1
7026bc01	7026	345-1
31bc01	31	345-1
2412b	2412b	4728-1
bb37	bb37b	1112-1
32064	32064b	10030-1
3959	3959	10030-1
2573	2573	10030-1
6205	6205	10030-1
3676	3676	10030-1
30342	30342	10030-1
30208	30208	10030-1
4424	4424	10030-1
2625	2625	10030-1
30144	30144	10030-1
4215b	4215b	10030-1
3961	3961	10030-1
2476	4032	4482-1
518	x110c01	10040-1
3003	3003	10069-1
3941	3941	10069-1
3062a	3062b	642-1
crssprt01pb33	crssprt01pb02	1306-1
3007	crssprt03	1306-1
3003	bhol02	1306-1
3002old	bhol03	1306-1
3001old	bhol04	1306-1
27bc01	27ac01	1306-1
crssprt01pb33	3008px19	1307-1
33bc01	33ac01	1307-1
27bc01	27ac01	1307-1
32013	32013	8649-1
32557	32557	8649-1
32291	32291	8649-1
32195b	32195b	8649-1
32064b	32064	8421-1
3705	3705	8873-1
4095	4095	8873-1
48912c01	48912c01	8420-1
trn076	trn131	10133-1
47394pb012	47394pb092	4777-1
47394pb013	47394pb093	4777-1
2871	2871b	10153-1
crssprt01pb14	crssprt01pb32	1310-1
3001old	bhol04	1310-1
32bc01	32ac01	1310-1
31bc01	31ac01	1310-1
453bc01	453ac01	1310-1
47394pb006	47394pb020	4775-1
4859	48183	4032-1
sw029	sw029a	7658-1
4032b	4032	4916-1
4032	4032b	4917-1
3747b	3747a	8143-1
47715c01	47715c01	8142-1
6538b	32064b	8270-1
73090b	73090a	9763-1
4032	4032b	6162-1
4032	4032b	6163-1
44815	44815b	8593-1
x37	x37	8369-1
3747a	3747b	7771-1
30603	44675	7771-1
x577	x577	7031-1
4032	4032b	7948-1
70931	70928b	4511-1
32064	32064b	7948-1
4751a	4751b	390-1
4032	4032b	4100-1
3245b	3245c	7948-1
3455	92950	7948-1
64648	64648	8897-1
3957	3957b	8897-1
62695	62695	8897-1
32064	32064b	8652-1
2994	2994	8650-1
4032	4032b	4881-1
32064b	32064	4774-1
32064b	32064	4882-1
4274	4274	4339-1
32064b	32064	4338-1
3010	3701	7238-1
4265c	4265c	7252-1
4032	4032b	7252-1
4079	4079b	7246-1
6015	60700	7241-1
6019	61252	7241-1
4599	4599b	7241-1
30237	30237b	7241-1
3788	60212	7241-1
4285b	4285b	7237-1
4085c	4085d	7235-1
4079b	4079	7944-1
32064	32064b	7944-1
6003	6003	7944-1
2736	2736	7257-1
47905	52107	7258-1
32064	32064b	7258-1
4032b	4032	7259-1
40490	40490	7259-1
2730	2730	7259-1
3747a	3747b	7259-1
4589	4589	7261-1
2412b	2412b	7261-1
48933	6069	4099-1
30389b	30389c	4099-1
2476	2476b	4099-1
30389b	30389c	4101-1
2476	2476b	4097-1
trn076	trn131	10027-1
40666	40666	3656-1
4890	4890	3656-1
32064b	32064	4094-1
4032	4032b	4094-1
3846px2	3846px21	15-1
clikits015	clikits006	1385-1
6636	6636	10124-1
2476	2476b	10124-1
x577	x577	4403-1
4032	4032b	4403-1
44845	44845	3544-1
44846	44846	3544-1
4019	4019	10076-1
32064	32064b	7261-1
2877	2877	7261-1
32140	32140	7261-1
4265c	4265c	7261-1
4032	4032b	7261-1
32039	32039	7261-1
wtr002	cty107	9247-1
3666	3666	7251-1
4032	4032b	7250-1
32064	32064b	7250-1
41855	47457	7250-1
42029	42029	3294-1
31195	31195	3294-1
2412b	2412b	7264-1
4589	4589	7264-1
32064	32064b	4504-1
sw080	sw115	4504-1
32064	32064b	7047-1
32064	32064b	7045-1
4032	4032b	4492-1
577	577	4493-1
2476	2476b	4501-1
3062b	3062b	10090-1
3023	3023	10090-1
47394pb061	47394pb026	4664-1
47394pb077	47394pb025	4664-1
47394pb076	47394pb010	4664-1
6428	6428	4664-1
4895	4895	4664-1
3460	3460	5961-1
3034	3034	5961-1
30153	30153	5961-1
4589	4589	5961-1
3023	3023	5961-1
3957	3957	5964-1
6019	6019	5964-1
4859	48183	4032-8
3666	3666	tf05-1
4073	4073	10143-1
4282	4282	4884-1
3660	3660	4884-1
30389b	30389c	4884-1
3747a	4287	4884-1
2780	3673	4884-1
32064	32064b	4884-1
4859	48183	4032-9
40344	40345	7344-1
3837	3837	7344-1
6490	51262	4820-1
47205pb007	47205pb003	4822-1
3747a	3747b	7475-1
32064	32064b	7477-1
4282	4282	7477-1
31025	31025	5554-1
31026	31026	5554-1
6394	6394	5552-1
47394pb005	47394pb017	4784-1
32064	32064b	8877-1
3849	3849	8877-1
48492	48492	8877-1
32316	32316	8420-1
32192	32192	8651-1
32184	32184	8651-1
4859	48183	4032-10
4859	48183	4032-6
42003	42003	8757-1
x127c41	3134	8757-1
32064	32064b	8757-1
44815b	44815b	8758-1
x127c41	x77c	8758-1
32064b	32064	8758-1
3684	3684b	8758-1
4032	4032b	8758-1
x127c41	3134	8759-1
30153	30153	7018-1
48495	48495	7018-1
50303	2625	7018-1
4794b	4794b	7018-1
32064	32064b	7018-1
4032	4032b	7017-1
32064	32064b	7017-1
32064	32064b	7015-1
4032	4032b	7016-1
4070	4070	7016-1
48002a	48002b	7016-1
3659	3010	4768-1
30046	30046	4768-1
3747a	3747b	4768-1
4332	4332	4767-1
32064	32064b	4767-1
3660	3660	4767-1
3069b	3069b	4767-1
3836	3836	4766-1
gen004	gen001	4766-1
3626bpx115	3626bpb001	4766-1
4287	4287	4766-1
hp069	hp069c	4766-1
hp073	hp073b	4766-1
32064b	32064	4762-1
42026	42026	4665-1
51262	4672	4665-1
4882	61896	4665-1
42003	42003	7255-1
4032	4032b	7255-1
4032	4032b	7944-1
6538b	6538c	8102-1
4032b	4032	7655-1
4589	4589b	7655-1
32064b	32064	7283-1
4032	4032b	5525-1
30389b	30389c	7324-4
30194	30194	7324-7
3959	3959	7324-17
3705	3705	6205-1
3021	3021	6205-1
3010	3701	6205-1
32064	32064b	6205-1
3747a	3747b	6205-1
3747a	3747b	6206-1
54200	54200	6207-1
2445	3029	6207-1
x71	x71	6208-1
32064	32064b	6208-1
30389b	30389c	6208-1
6541	6541	6209-1
41855	47457	6209-1
6538b	6538c	6209-1
3747a	3747b	6209-1
32064b	32064	6209-1
2736	cas267	8801-1
4449	4449	10159-2
air021	air010	10159-2
6222	6222	7654-1
x39c01	60797c01	7945-1
30179	60596	7945-1
3899	3899	7945-1
4079	4079b	7991-1
6015	60700	7991-1
4460a	4460b	7991-1
4215b	60581	7991-1
75535	62462	7990-1
4589	4589b	7990-1
4599	4599b	7990-1
32064b	32064	7990-1
33bc01	32bc01	914-2
39	39bc01	914-2
29	29bc01	914-2
27	27bc01	914-2
7026	7026bc01	914-2
31	31bc01	914-2
453	453bc01	914-2
645	645bc01	914-2
3747b	3747a	7296-1
4066pb276	4066pb276	3772-1
47394pb063	47394pb001	3772-1
51706	51706	4785-1
3747a	3747b	4906-1
646	646bc01	914-2
33bc01	32bc01	214-3
3062old	3062old	223-2
41539	41539	4768-2
4079	4079b	7890-1
445	58381	7890-1
446	58380	7890-1
4079	4079b	7892-1
4151	4151b	7892-1
3795	3795	7892-1
41855	47457	7892-1
3939	58181	7892-1
57894	57895	7892-1
44567	44567	7893-1
4032b	4032	7893-1
4079	4079b	7893-1
3747a	3747b	7893-1
48729	48729b	7893-1
75535	62462	7893-1
3001miB	3001miA	24-1
3001miB	3001miA	4-4
3062oldpx1	3062oldpx1	1247-2
32c	33c	1230-2
7026c	7026a	1230-2
31c	31a	1230-2
453c	453a	1230-2
645c	645a	1230-2
646c	646a	1230-2
604c	604a	1230-2
32017	32017	970043-1
3004	3005	7602-1
3614b	3614a	1075-1
3134	3134a	445A-1
996bc01	996ac01	445A-1
54821	54821	8900-1
6538b	6538c	8734-1
32064b	32064	4418-1
30027b	4624	4417-1
41855	47457	4416-1
4032b	4032	4416-1
41855	47457	4891-1
3005pt0	3005pt0b	437-1
3005pt1	3005pt1b	437-1
3005pt2	3005pt2b	437-1
3747a	3747b	4892-1
32064b	32064	7704-1
4274	4274	7705-1
32074c01	32074c01	7705-1
3049	3049c	7705-1
32064b	32064	7705-1
3046a	3046b	7705-1
6632	2825	7708-1
30602	44675	7700-1
4519	4519	7700-1
3005pt3	3005pt3b	437-1
3005pt4	3005pt4b	437-1
3005pt5	3005pt5b	437-1
3005pt6	3005pt6b	437-1
3005pt7	3005pt7b	437-1
3005pt8	3005pt8b	437-1
3747b	3049c	7702-1
4265c	4265c	7703-1
3747a	3747b	7703-1
6553	6553	7703-1
6536	6536	7711-1
4592c05	4592c02	7711-1
4085d	4085b	7950-1
3847	3847	7950-1
3957	3957b	7950-1
3847	3847	7949-1
60470	60470b	7949-1
30241	30241b	7949-1
87552	4864b	3221-1
32064b	32064	7714-1
4882	61896	4975-1
47394pb077	47394pb122	4977-1
6425	6426	4977-1
3747b	3747a	7776-1
4085d	4085b	3221-1
41896	56908	8041-1
75535	62462	8041-1
78c18	78c18	8041-1
6015	87697	6166-1
670pb01	670pb01	670-3
671pb01	671pb01	671-3
43723	41770	7899-1
43722	41769	7899-1
4079	4079b	7899-1
3939	58181	7899-1
32064b	32064	6211-1
4032b	4032	6211-1
sw040	sw040a	6211-1
sw155	sw213	6211-1
sw036a	sw188a	6211-1
sw214	sw123	6211-1
2450	3705	6211-1
54087	56145	8667-1
32064	32064b	8669-1
41539	4151b	6210-1
2991	2991b	6210-1
6538b	6538c	6210-1
772	3245b	6210-1
32064	32064b	7905-1
4079	4079b	7905-1
30517	58827	7905-1
3747a	3747b	7905-1
2445	3029	7900-1
32018	3703	7900-1
4079	4079b	7900-1
elephc01pb01	elephc01pb02	4962-1
2334c02pb03	64150	4962-1
2278pb02	bb443pb01	4962-1
3011pb16	3011pb17	4961-1
4672	51262	4961-1
4032	4032b	8701-1
57028c02	32133ac04	8702-1
32074c01	57029c01	8702-1
4022	73092	7897-1
4589	4589b	7897-1
2362b	2362a	7897-1
3747b	3747a	8822-1
47847pb003U	47847pb003U	8822-1
bb45c01	bb45c02	088-1
bb07	bb06	088-1
FTCypH	GTFruit	088-1
FTPineH	GTPine	088-1
x486a	x486	088-1
2214	2214	4963-1
47394pb059	47394pb101	4964-1
4859	48183	4032-11
4859	48183	4032-12
6536	6536	7780-1
32064b	32064	7780-1
x202	x202	7780-1
41855	47457	7780-1
bat004	bat004a	7781-1
51377	55981	7781-1
3004	3004	4105-3
3622	3622	4105-3
3010	3010	4105-3
3022	3022	4105-3
3021	3021	4105-3
4286	4286	4105-3
3040	3040	4105-3
3039	3039	4105-3
4287	4287	4105-3
3665	3665	4105-3
32064b	32064	7784-1
3037	3037b	7784-1
2412b	2412b	7261-2
32064	32064b	7261-2
4589	4589	7261-2
53550	53550	8730-1
54271	54271	8732-1
53546	53546	8732-1
50898	50898	8764-1
6538b	6538c	8764-1
4360	4595	5966-1
4519	32064	8892-1
6538b	32209	8892-1
55237a	55237a	8892-1
55237b	55237b	8892-1
55237c	55237c	8892-1
55237d	55237d	8892-1
55237e	55237e	8892-1
55237f	55237f	8892-1
55237g	55237g	8892-1
55237h	55237h	8892-1
55237i	55237i	8892-1
55237j	55237j	8892-1
55237k	55237k	8892-1
55237l	55237l	8892-1
32133ac05	57028c03	8892-1
4519	4519	8893-1
6538b	6538c	8893-1
55237a	55237a	8893-1
55237b	55237b	8893-1
55237c	55237c	8893-1
55237d	55237d	8893-1
55237e	55237e	8893-1
55237f	55237f	8893-1
55237g	55237g	8893-1
55237h	55237h	8893-1
55237i	55237i	8893-1
55237j	55237j	8893-1
55237k	55237k	8893-1
55237l	55237l	8893-1
45274	45274	8893-1
48253	48253	8893-1
54272	54272	8893-1
53550	53550	8893-1
54271	54271	8893-1
53582	53582	8893-1
54821	54821	8893-1
55237a	55237a	8894-1
55237b	55237b	8894-1
55237c	55237c	8894-1
55237d	55237d	8894-1
55237e	55237e	8894-1
55237f	55237f	8894-1
55237g	55237g	8894-1
55237h	55237h	8894-1
55237i	55237i	8894-1
55237j	55237j	8894-1
55237k	55237k	8894-1
55237l	55237l	8894-1
44567	44567	7893-2
4032b	4032	7893-2
32064	32064b	3827-1
4032b	4032	3827-1
4079	4079b	3827-1
4032	4032b	3827-1
bb84pb02	bb84	3827-1
44292	56145	4893-1
6538b	6538c	4893-1
32064	32064b	4893-1
3647	3647	4896-1
32064	32064b	4896-1
3747a	3747b	4896-1
4032	4032b	4896-1
3747a	3747b	4894-1
47452	47452	4894-1
32064b	32064	4895-1
32133ac01	57028c01	4895-1
3747a	3747b	4895-1
4032b	4032	4895-1
32074c01	57029c01	4895-1
32064b	32064	10174-1
75535	62462	10174-1
3747a	3747b	10174-1
32064	32064b	7785-1
32028	32028	7785-1
6628	2736	7785-1
47394pb041	47394pb105	5481-1
4873	6140	5483-1
4079b	4079	10183-1
4032b	4032	10183-1
47394pb023	47394pb068	9237-1
4151	4151b	7709-1
4032b	4032	7709-1
30377	30377	7709-1
32064b	32064	7709-1
6538b	6538c	7709-1
41765	41765	7709-1
41764	41764	7709-1
4079	4079b	7709-1
32064	32064b	7707-1
40244	40244	7707-1
2780	2780	7707-1
3037	3037b	7707-1
55237a	55237a	8624-1
55237b	55237b	8624-1
55237c	55237c	8624-1
55237d	55237d	8624-1
55237e	55237e	8624-1
55237f	55237f	8624-1
55237g	55237g	8624-1
55237h	55237h	8624-1
55237i	55237i	8624-1
55237j	55237j	8624-1
55237k	55237k	8624-1
55237l	55237l	8624-1
4151	4151b	8624-1
4032	4032b	5515-1
crssprt02pb42a	crssprt02pb42d	1224-2
crssprt02pb45a	crssprt02pb45d	1224-2
crssprt02pb41b	crssprt02pb41c	1224-2
crssprt01pb21b	crssprt01pb21a	1224-2
33bc01	32bc01	1231-2
39bc01	39ac01	1231-2
29bc01	29ac01	1231-2
6538c	6538b	8681-1
x37	x37	8675-1
32064	32064b	8682-1
3647	3647	8682-1
6553	6553	8288-1
47847pb003U	47847pb003U	8813-1
30153	30153	7020-1
4032	4032b	7021-1
3747a	3747b	7021-1
4860c05	4860c05	3299-1
4032b	4032	7904-24
4032b	4032	7904-25
4032	4032b	6212-1
3747a	3747b	6212-1
4589	4589b	6212-1
75535	62462	6212-1
sw088	sw088a	6212-1
sw090	sw090a	6212-1
577	577	6212-1
27bc01	27ac01	1231-2
7026bc01	7026ac01	1231-2
31bc01	31ac01	1231-2
453bc01	453ac01	1231-2
32064	32064b	10177-1
645bc01	645ac01	1231-2
646bc01	646ac01	1231-2
604c01	604ac01	1231-2
bb131pb01c01	bb131pb04c01	1240-2
bb140pb05c01	bb140pb05c01	1240-2
bb140pb03c01	bb140pb03c01	1240-2
bb139pb01c01	bb139pb01c01	1240-2
747pb05c01	747pb05c01	1240-2
747pb02c01	747pb02c01	1240-2
bb140pb04c01	bb140pb04c01	1240-2
747p03c01	747p03c01	1240-2
bb131pb02c01	bb131pb05c01	1241-2
bb140pb06c01	bb140pb06c01	1241-2
bb140pb01c01	bb140pb01c01	1241-2
bb134pb01c01	bb134pb01c01	1241-2
747p01c01	747p01c01	1241-2
bb139pb02c01	bb139pb02c01	1241-2
747pb06c01	747pb06c01	1241-2
747pb03c01	747pb03c01	1241-2
3062old	3062old	1211-2
32bc01	32c	1211-2
453bc01	453c	1211-2
646bc01	646c	1211-2
3003	bhol02	1211-2
3065	bslot01	1211-2
3747a	3747b	10175-1
4151	4151b	10175-1
4095	63965	10175-1
3062old	3062old	1212-2
33bc01	33c	1212-2
31bc01	31c	1212-2
3065	bslot01	1212-2
3062old	3062old	1213-2
32bc01	32c	1213-2
31bc01	31c	1213-2
3065	bslot01	1213-2
crssprt02pb42a	crssprt02pb42b	1210-2
x37	x37	8369-2
56145	6595	8289-1
55976	32180	8289-1
32064b	32064	8100-1
54821	54821	8103-1
3747b	3747a	8104-1
32064	32064b	8104-1
3795	3795	8104-1
32064b	32064	8105-1
4079	4079b	7774-1
3747a	3747b	7773-1
3747b	3747a	7773-1
4032b	4032	7773-1
3747a	3747b	7770-1
48729	48729b	7770-1
3062old	3062old	1210-2
32bc01	32c	1210-2
453bc01	453c	1210-2
604c01	604c	1210-2
3003	bhol02	1210-2
3065	bslot01	1210-2
821	821	1236-2
3062oldpx1	3062oldpx1	1251-2
4032	4032b	5517-1
4081a	4081b	5517-1
3005pt9	3005pt9b	437-1
bb45c02	bb45c01	102A-1
bb06	bb07pb01	102A-1
bb236bc01	996bc01	102A-1
7039	7039b	102A-1
3020	3001old	102A-1
3021	3020	102A-1
3023	3021	102A-1
3020	3023	102A-1
3005	3008	102A-1
3005	3005	102A-1
3004	3004	102A-1
3010	3010	102A-1
7039	7039d	605-4
7039	7039d	803-3
3034	3034old	1-3
4032b	4032	8925-1
3747a	3747b	8925-1
3037	3037b	8925-1
4589	4589b	8925-1
45425	45425	8925-1
3747a	3747b	8927-1
32064	32064b	8927-1
32064b	32064	8927-1
4032b	4032	8927-1
bio014	bio014a	8927-1
30145	30145	7662-1
3747a	3747b	7662-1
30374	30374	5378-1
4079b	4079	5378-1
33291	33291	5378-1
700eD	700eX	010-3
3004	2877	10190-1
4079b	4079	10190-1
4032b	4032	10190-1
3957b	3957	3932-1
76768	2339	3932-1
32064	32064b	7661-1
3747a	3747b	7661-1
4079	4079b	7661-1
32064b	32064	7029-1
33320	33320	7029-1
2343	2343	7029-1
cas342	cas360	7094-1
cas345	cas361	7094-1
51342pb03	51342pb05	7094-1
4095	63965	7094-1
4495	4495	7094-1
32064b	32064	7094-1
4032b	4032	7094-1
2343	2343	7094-1
4589	4589b	7093-1
4589	4589b	7092-1
3730	63082	7092-1
32064	32064b	7091-1
59229	59229	7009-1
4495	4495	7009-1
2476b	2476	7663-1
32064b	32064	7663-1
6160c03	57894	7993-1
x39c01	60797c01	7993-1
3794	3794b	3935-1
3245c	3245b	3936-1
3794	3794b	3936-1
32064	32064b	7690-1
4079	4079b	7690-1
3684	3684b	7690-1
3747a	3747b	7690-1
x37	x37	7690-1
62462	75535	7691-1
4032	4032b	7691-1
4079b	4079	7691-1
57539	32235	7691-1
x37	x37	7691-1
30361b	30361c	7691-1
4599	4599b	7598-1
60470	60470b	7598-1
4151	4151b	8108-1
4032	32064b	8108-1
x870a	x870cc02	139A-1
x869b	x869a	139A-1
crssprt01pb29	crssprt01pb30	1224.1-1
crssprt01pb21b	crssprt01pb21a	1224.1-1
crssprt02pb41a	crssprt02pb41c	1224.1-1
3034	3034old	229.1-1
3036	3036old	229.A-1
3034	3034old	229.B-1
33bc01	32bc01	1231-3
39bc01	39ac01	1231-3
29bc01	29ac01	1231-3
27bc01	27ac01	1231-3
7026bc01	7026ac01	1231-3
31bc01	31ac01	1231-3
453bc01	453ac01	1231-3
645bc01	645ac01	1231-3
646bc01	646ac01	1231-3
604c01	604ac01	1231-3
50944	50944pb01	8147-1
822ac02	822bc02	435-2
30237	30237b	7599-1
60470	60470b	7599-1
6019	61252	7599-1
4085d	4085b	8128-1
3245b	3245c	8128-1
4032b	4032	8128-1
32064b	32064	8128-1
4085b	4085c	8099-1
6019	61252	8076-1
4079	4079b	8077-1
4151	4151b	10181-1
4032b	4032	10181-1
3747a	3747b	10181-1
4864b	4864b	10181-1
3957	3957	10181-1
3037b	3037	8107-1
4085c	4085b	8077-1
6019	61252	8077-1
32064b	32064	7664-1
4589	4589b	7666-1
4079b	4079	7666-1
4032	4032b	7666-1
4032	4032b	7665-1
32064	32064b	7665-1
2695	60208	7665-1
sw172	sw172a	7665-1
4079	4079b	7665-1
777p03	777p01	990-2
3046a	3046b	4954-1
3037	3037b	4954-1
4589	4589b	4954-1
4032	4032b	4954-1
4032b	4032	4957-1
4195c03	4195c04	3353-1
4599	4599b	8077-1
4085b	4085d	8078-1
4085c	4085b	8078-1
2362b	2362a	8078-1
59713c01	59713c01	4988-1
41927	41927	4978-1
47394pb073	47394pb133	4978-1
4066	4066	4861-1
32064b	32064	7787-1
4859	48183	4032-13
30241	30241b	8078-1
60583	60583b	8078-1
60470	60470b	8078-1
4079b	4079	7907-24
3747a	3747b	Duck75-1
4032	4032b	7600-18
3455	92950	8078-1
30089	30089b	8078-1
54821	54821	6227-1
47394pb144	60353pb02	30064-1
3794	3794b	30056-1
4095	63965	4996-1
4032	4032b	4996-1
30179	60596	4996-1
6019	61252	4996-1
4599	4599b	4996-1
4079	4079b	7731-1
60470	60470b	30019-1
3245b	3245c	8403-1
4532a	4532	8403-1
32064	32064b	3830-1
6015	60700	3830-1
4079	4079b	3830-1
32064b	32064	5892-1
30241	30241b	4736-1
4032b	4032	4737-1
92950	3455	4737-1
3455	92950	4737-1
3957	3957b	4737-1
30241	30241b	4737-1
3245c	3245b	4738-1
3455	92950	4738-1
4032b	4032	4738-1
53451	53451	4738-1
30173b	30173	4738-1
4589b	4589	7741-1
4862	60601	7741-1
2377	60032	7741-1
48729	48729b	7741-1
4617	92842	7741-1
4865	4865b	7741-1
32064b	32064	7734-1
48729	48729b	7734-1
3730	63082	7734-1
4079	4079b	7734-1
4079	4079b	7738-1
4032b	4032	7738-1
3139	59895	7738-1
50859b	50859a	7620-1
4095	63965	7620-1
64648	64648	4738-1
60470	60470b	4738-1
30241	30241b	4738-1
32064	32064b	8117-1
3730	63082	7648-1
32064b	32064	7621-1
32474	53585	7621-1
4095	63965	7621-1
3483	61254	7622-1
4085c	4085b	7622-1
32064b	32064	7623-1
772	3245b	7623-1
3747a	3747b	7667-1
32064	32064b	7667-1
4589	4589b	7667-1
32064b	32064	8153-1
4032	4032b	5614-1
32064b	32064	5610-1
4599	4599b	5613-1
32064	32064b	8152-1
3189	92262	8155-1
3188	92263	8155-1
32012	32012	8494-1
4032b	4032	7672-1
3747a	3747b	7672-1
75535	62462	7672-1
30283	60219	7672-1
4079	4079b	3831-1
3730	63082	3831-1
4095	63965	3831-1
4599	4599b	3831-1
58497c01	58497c02	5601-1
47394pb077	47394pb122	5603-1
31110	3437	5604-1
4589	4589b	6186-1
6251	6251px1	7585-1
4085c	4085b	7585-1
4424	64951	7585-1
4589	4589b	7586-1
2377	60032	7586-1
3852b	3852b	7586-1
6186	6186	7586-1
4599	4599b	7586-1
2343	2343	7587-1
4032	4032b	7624-1
6538b	6538c	7625-1
3483	61254	7625-1
32064b	32064	7626-1
4079b	4079	7626-1
2362b	2362a	7626-1
4589	4589b	7626-1
4599	4599b	7626-1
3794	3794b	10225-1
3794b	3794b	10225-1
4589b	4589	7670-1
32064	32064b	7670-1
3794b	3794	9525-1
4589	4589b	9525-1
3747a	3747b	9525-1
32064b	32064	9525-1
50898	61054	8685-1
3854	60608	5585-1
4132	60598	5585-1
3139	59895	5585-1
3004px6	3004pb085	5585-1
50898	61054	8691-1
50898	61054	8693-1
61054	50898	8692-1
32064	32064b	7886-1
4032	4032b	7885-1
4095	63965	7885-1
4589	4589b	8112-1
30241	3024	8111-1
60470	6019	8111-1
30241	3005	8113-1
32064	32064b	8113-1
30241	3005	8114-1
32064	32064b	8114-1
48729	48729b	8114-1
32064b	32064	8115-1
57910	62712	8115-1
3730	63082	4837-1
47296	61053	8697-1
50898	61054	8952-1
4079	4079b	8160-1
4589	4589b	8161-1
4532	4532a	8161-1
4032	4032b	8161-1
4095	63965	7041-1
4032	4032b	7041-1
32064b	32064	7041-1
4095	63965	7038-1
4085c	4085b	7038-1
4032b	4032	7037-1
30179	60596	7048-1
3037	3037b	7048-1
4424	64951	7048-1
4079b	4079	7675-1
4095	63965	7675-1
3960	43898	7675-1
4032b	4032	7675-1
4864b	87552	7675-1
2362b	87544	7675-1
32064b	32064	7675-1
4589	4589b	30101-1
3626b	3626c	30102-1
3794b	3794	30160-1
3069b	3069b	40037-1
87796	87796	7169-1
89652	60176	7169-1
60176	89652	7157-1
30237	30237b	8206-1
4599	4599b	8206-1
553b	553c	8206-1
8206stk01a	8206stk01b	8206-1
4032	4032b	7674-1
4589b	4589	7674-1
32064	32064b	7679-1
4095	63965	7679-1
47394pb008	47394pb005	4862-1
54034	54034	4864-1
772	3245b	4993-1
4032	4032b	4997-1
6015	60700	4997-1
x77cc200	x77ac200	8297-1
6015	60700	7736-1
4865b	4865	8423-1
4865	4865b	8423-1
4085d	4085b	8424-1
59895	3139	8424-1
4865	4865b	8424-1
2436	2436b	8424-1
30237	30237b	8424-1
4085c	4085b	8632-1
32064b	32064	8632-1
4589	4589b	8632-1
4032b	4032	8633-1
60219	30283	8633-1
4589b	4589	8633-1
4589	4589b	8633-1
61252	6019	8426-1
60470	60470b	8484-1
2332	61649	6178-1
2332	2332b	6178-1
30283	60219	7644-1
4095	63965	7680-1
32064b	32064	7680-1
32064b	32064	7726-1
30283	60219	7726-1
4032b	4032	7681-1
4589b	4589	7681-1
32064	32064b	7681-1
3048	3048b	7681-1
73590c02a	73590c03a	7681-1
57520	57520	991369-1
2473	2473	5620-1
60700	6015	5625-1
4079b	4079	5627-1
30179	60596	4210-1
x39c02	60797c02	4210-1
3039	3039f	5522-1
60607	60608	5932-1
3794	3794b	5932-1
3044	3044c	6119-1
772	3245b	8154-1
3404ac01	3404bc01	402-3
32064b	32064	10192-1
4032	4032b	10192-1
3959	86208	7245-2
6015	87697	7245-2
4532a	4532	7245-2
4079	4079b	7245-2
4032	4032b	7628-1
4589	4589b	7628-1
3483	61254	7628-1
4599	4599b	7628-1
4589b	4589	8031-1
30283	32064	7649-1
4617	92842	4900-1
4085c	4085b	4900-1
4599	4599b	4900-1
cty062	cty303	4900-1
63965	4095	8636-1
agt020	agt020a	8636-1
47394pb018	x932px2	5485-1
4085c	4085b	7630-1
4085b	4085d	7631-1
4085c	4085b	7632-1
30179	60596	7632-1
x77cc200	x77ac200	7632-1
60800	60800a	7632-1
4032b	4032	7633-1
6019	61252	7633-1
32064b	32064	7633-1
32064	32064b	7633-1
4589	4589b	6747-1
4085c	4085b	6743-1
3747a	3747b	6741-1
4589	4589b	6741-1
4599	4599b	6742-1
6015	60700	6742-1
4079	4079b	7685-1
4085c	4085b	7685-1
58176	58176	7685-1
cty129	cty129a	8401-1
4085c	4085b	7746-1
4032b	4032	7746-1
4460b	4460a	7746-1
4215b	60581	7746-1
3063	85080	7635-1
4079	4079b	7635-1
61068	88930	7635-1
6019	61252	7635-1
30283	60219	7635-1
6019	61252	7636-1
twn047	twn047a	7636-1
pi104	pi092	6239-1
pi105	pi094	6239-1
3048	3048b	6239-1
pi106	pi096	6240-1
pi107	pi097	6240-1
48729	48729b	6240-1
60470	60470b	6240-1
2542	87585	6240-1
3794	3794b	30021-1
4085c	4085d	30042-1
30474	3298	6243-1
4599	4599b	6243-1
4085c	4085d	6243-1
4032	4032b	8019-1
30384	89762	8019-1
61068	88930	8019-1
4032b	4032	8018-1
3023	3023	8016-1
6019	61252	30042-1
3747a	3747b	8017-1
3023	32000	8017-1
2542	87585	9385-1
32064	32064b	7683-1
4032	4032b	7683-1
3483	61254	7682-1
4085c	4085b	7682-1
3788	60212	30010-1
60700	87697	30010-1
32064	32064b	7979-3
4495	4495	7979-3
4589b	4589	7670-2
32064	32064b	7670-2
4589	4589b	7670-2
4032	4032b	8961-1
4599	4599b	8961-1
4599	4599b	8960-1
4032	4032b	8959-1
32064b	32064	8959-1
4599	4599b	8959-1
4032	4032b	8958-1
52	52	8957-1
57910	62712	8957-1
4032	4032b	6253-1
48002b	48002a	6253-1
47394pb115	1396pb01	30060-1
4085d	4085b	30061-1
6019	61252	30062-1
4497	4497	30062-1
4032	4032b	3834-1
4589b	4589	3834-1
6019	61252	3834-1
6126	6126b	3834-1
4215b	60581	3834-1
4599	4599b	3834-1
3139	59895	3834-1
73590c02b	73590c03b	3834-1
3455	92950	3834-1
4589b	4589	7751-1
32020	86652	8264-1
4599b	4599	8398-1
4599	4599b	8398-1
4095	63965	8398-1
4085c	4085b	8398-1
4032b	4032	30062-1
4095	63965	20016-1
4019	94925	8051-1
4032b	4032	8051-1
4019	94925	8053-1
6542	6542b	8053-1
2905	99773	8053-1
4019	94925	8043-1
6542	6542b	8043-1
2905	99773	8043-1
4032b	4032	8043-1
32064b	32064	7748-1
3063	85080	8037-1
3245b	3245c	8037-1
32064	32064b	8039-1
4599b	4599	8038-1
4032	4032b	8038-1
30042	92099	8038-1
30041	92107	8038-1
48729	48729b	8038-1
3455	92950	8038-1
sw179	sw179a	8038-1
52	52	8707-1
4589	4589b	8707-1
6019	61252	7752-1
4589	4589b	7752-1
4864b	87552	7752-1
64132	74587	5634-1
53915c01	87963c01	5634-1
eleph2c01pb02	eleph3c01pb01	5634-1
41970px5	41970pb13	5636-1
2318c02	2318c02	5637-1
41169c01	41169c01	3597-1
4132	60598	5539-1
4032b	4032	21003-1
4162pb019	4162pb014	lup02-1
elephc01pb02	eleph4c01pb01	5635-1
47394pb058	47394pb036	5640-1
4599	4599b	8185-1
4599	4599b	6754-1
3245b	3245c	6754-1
4095	63965	8265-1
x77cc200	x77ac200	8258-1
2850	2850b	8258-1
4019	94925	8258-1
6542	6542b	8258-1
6015	60700	8402-1
4085c	4085d	8402-1
61068	88930	7747-1
32064b	32064	7747-1
3245b	3245c	8964-1
32064	32064b	8964-1
6126	6126b	8964-1
61068	88930	8963-1
32064	32064b	7754-1
30384	89762	7754-1
30042	92099	7754-1
30041	92107	7754-1
6019	60470b	7754-1
60470	61252	7754-1
4865	4865b	7641-1
48729	48729b	7641-1
3957	3957b	7641-1
4485	4485b	7641-1
4215b	60581	7641-1
30179	60596	7641-1
60700	87697	7641-1
2439	92926	7641-1
2542	2542	7641-1
61068	88930	7641-1
cty145	cty145a	7641-1
4079	4079b	7639-1
60700	87697	7639-1
4864b	87552	7639-1
64648	64648	7639-1
60470	60470b	7639-1
30241	30241b	7639-1
6126	6126b	7097-1
6019	61252	7097-1
cas362	cas341	7097-1
cas420	cas420a	7097-1
4085c	4085b	7097-1
3245b	3245c	7097-1
4495	4495	7078-1
4589	4589b	7079-1
3245b	4495	7079-1
4589b	4589	5642-1
4032	4032b	8033-1
4079	4079b	5974-1
32064	32064b	5974-1
60176	93571	5974-1
32020	86652	5974-1
6019	61252	5974-1
3959	86208	5974-1
4085c	4085d	5974-1
48729	48729b	5974-1
3063	85080	10195-1
75937	30033	9472-1
30237	30237b	9472-1
2339	76768	9472-1
32064b	32064	5984-1
4623	88072	5984-1
6019	61252	5984-1
60470	60470b	5984-1
3794	3794b	9471-1
4085c	4085d	9470-1
3794	3794b	9469-1
4865	4865b	9469-1
bb394c48	bb393c48	445-2
3641	87414	7803-1
3788	60212	7803-1
60700	6015	7800-1
3957	3957b	9677-1
60470	60470b	9677-1
32064b	32064	7196-1
2343	2343	7196-1
4599b	4599	7196-1
3044	3044c	7196-1
3245b	3245c	7199-1
4589	4589b	7195-1
30033	75937	9677-1
3794	3794b	9677-1
3245b	3245c	8968-1
4032	4032b	8968-1
6019	61252	8968-1
3641	87414	5560-1
3957	3957b	6194-1
6019	61252	6194-1
3641	87414	6194-1
6015	87697	6194-1
4079	4079b	8971-1
4589	4589b	5969-1
6019	61252	5971-1
4032	4032b	5971-1
60470	60470b	5971-1
3063	85080	21004-1
2376	74698	9677-1
2376	74698	9679-1
30033	75937	9679-1
6019	61252	5973-1
2436	2436b	9500-1
3794b	3794	9500-1
3794b	3794	9499-1
6126	6126b	852921-1
4865	4865b	10155-1
4085d	4085b	10155-1
4599	4599b	10155-1
30350	30350b	9499-1
2436	2436b	9498-1
3794	3794b	9498-1
3794b	3794	9497-1
3455	92950	10212-1
577	577	10212-1
4865	4865b	10212-1
4085b	4085d	10212-1
3957	3957b	10212-1
30360	93168	10212-1
60470	60470b	10212-1
60176	89652	7145-1
60176	93571	7158-1
60932cx1	60932cx1	7160-1
60470	60470b	10215-1
60470	60470b	9497-1
2436	2436b	9496-1
3794	3794b	9496-1
32064b	32064	9496-1
4085d	4085b	7347-1
30554	30554b	8998-1
6015	87697	5489-1
60470	60470b	10198-1
sw175	sw175a	10198-1
3063	85080	10198-1
3455	92950	10198-1
4865	4865b	10198-1
260pb01	260pb01	1260-2
53989	98313	7347-1
2436	2436b	7347-1
4032	4032b	8084-1
3048	3048b	8084-1
30241	30241b	8084-1
3794	3794b	8084-1
61068	88930	8085-1
4032	4032b	8085-1
6019	61252	8085-1
30360	93168	8085-1
30237b	30237	7347-1
3245c	3245b	7346-1
3794b	3794	7345-1
3794	3794b	40031-1
60470	60470b	40031-1
553b	553c	8088-1
3794	3794b	8088-1
4019	94925	8088-1
41896	56908	8088-1
3139	59895	7687-18
4032b	4032	7687-19
4032	4032b	7687-24
48729b	48729	30002-1
27bc01	27	343-2
7026bc01	7026	343-2
4095	63965	6299-9
30093	30093	6299-16
4032	4032b	6299-19
4424	64951	6299-21
3794	3794b	30008-1
4085c	4085d	10210-1
30241	30241b	10210-1
48729	48729b	10210-1
64648	64648	10210-1
53989	53989	10210-1
3957	3957b	10210-1
4790	4790b	10210-1
3455	92950	10210-1
3794	3794b	10210-1
30237	30237b	10210-1
4528	4528	10210-1
3794b	3794	9476-1
4865	4865b	9476-1
4865b	4865	9526-1
3959	86208	5982-1
4864b	87552	5982-1
4085c	4085b	5982-1
54821	54821	6223-1
54821	54821	6221-1
54821	54821	6222-1
3957	3957b	4202-1
2412b	2412b	5867-1
60581	4215b	5867-1
4019	94925	8047-1
41896	56908	8048-1
2850	2850b	8048-1
4019	94925	8048-1
61068	88930	8049-1
3139	59895	7206-1
4079	4079b	7206-1
4599	4599b	7206-1
4151b	4151	7207-1
2634c02	89649	7207-1
4215b	60581	7208-1
30237	30237b	7208-1
60700	87697	7208-1
3245b	3245c	7208-1
60212	3788	3177-1
3788	60212	3177-1
4617	92842	3178-1
3189	92262	3178-1
3188	92263	3178-1
4858	93348	3178-1
6015	60700	3179-1
2439	92926	3179-1
4532a	4532	3179-1
3245b	3245c	3179-1
6126b	6126	8188-1
57539	57539	8188-1
60470	60470b	8188-1
6126	6126b	8189-1
60470	60470b	8189-1
2332b	61649	5644-1
4085c	4085b	7590-1
30391	92402	7590-1
3063	85080	7592-1
60474	60474	7592-1
32064	32064b	7592-1
62712	92013	7592-1
4460b	4460a	7594-1
6019	61252	7594-1
4623	88072	7594-1
60583	60583b	7594-1
4865	4865b	7594-1
4865	4865b	7595-1
4495	4495	7573-1
4085a	4085d	7573-1
2343	2343	7573-1
4589	4589b	7573-1
3245c	3245b	7573-1
30237	30237b	7573-1
30173b	30173b	7570-1
4085c	4085d	7570-1
4495	4495	7570-1
4497	4497	7570-1
30041	92107	7571-1
30042	92099	7571-1
30173b	30173b	7571-1
64648	64648	7571-1
4497	4497	7571-1
30173b	30173b	7569-1
4727	4727	40039-1
4032b	4032	3181-2
3794b	3794	60026-1
4085c	4085d	8058-1
60470	60470b	8058-1
32064b	32064	8056-1
4085c	4085d	8056-1
3794	3794b	7914-1
4079	4079b	3180-1
60700	87697	3180-1
4864b	87552	3180-1
3245b	3245c	3180-1
4532a	4532	3180-1
4085c	4085d	3180-1
4854	72454	7915-1
30237	30237b	7929-1
6120	99774	7929-1
3957	3957b	7929-1
30241	30241b	7929-1
3032	3032	lwp02-1
6019	61252	8199-1
4085c	4085b	8199-1
60470	60470b	8191-1
4865	4865b	8191-1
32064b	32064	8197-1
3788	60212	8197-1
3788	60212	8195-1
4589b	4589	8193-1
61068	88930	8194-1
3788	60212	5865-1
3641	87414	5899-1
61068	88930	7970-1
2439	92926	5898-1
60700	87697	5898-1
2377	60032	7213-1
60700	87697	7213-1
30391	92402	7213-1
53586	53586	7213-1
4085c	4085d	7213-1
6019	61252	7213-1
2610	97895	7213-1
3245c	3245b	7213-1
4532a	4532	3222-1
6019	61252	8072-1
4865	4865b	7596-1
44569	92092	7596-1
64424c01	91968c01	7597-1
60583	60583b	7597-1
61068	88930	7597-1
3245c	3245b	7597-1
32064	32064b	7597-1
30042	92099	7597-1
30041	92107	7597-1
4589	4589b	8089-1
4032b	4032	8089-1
6019	61252	8089-1
4858	93348	8089-1
553b	553c	7929-1
60470	60470b	7929-1
3957	3957b	7930-1
3847	3847	7952-3
4085b	4085d	7952-4
4497	4497	7952-4
32064b	32064	8097-1
4032b	4032	8097-1
3298	30363	8097-1
6111	3010	8097-1
44569	92092	8097-1
3245c	3245b	8098-1
4085c	4085d	8098-1
3957	3957b	8098-1
4079	4079b	7684-1
4085c	4085b	7684-1
48729	48729b	7684-1
60470	60470b	7684-1
59232	59232	7952-5
2587	2587	7952-7
3048	3048b	7952-9
3847	3847	7952-14
4497	4497	7952-20
6019	61252	7952-24
4032b	4032	3181-1
3183c	98263	3181-1
3957	3957b	5508-1
3641	87414	5508-1
132-old	132-old	400-3
36	36	401-2
36	36	404-3
132-old	132-old	404-3
32bc01	33bc01	414-3
32bc01	33bc01	414-4
3626c	3626b	3939-1
3794	3794b	3938-1
3001old	3001old	418-2
3002old	3002old	419-2
132-old	132-old	400-4
7039	7039d	400-4
7049b	7049a	400-4
3035	3035old	400-4
36	36	401-3
7049a	7049b	401-3
32bc01	33bc01	414-5
32bc01	33bc01	414-6
78c18	78c18	7591-1
3049	3049c	7591-1
60700	87697	7936-1
4865	4865b	7937-1
4864b	87552	7937-1
60700	87697	7937-1
30237	30237b	7937-1
cty179	cty179a	7937-1
4032b	4032	7938-1
4079	4079b	7938-1
30283	60219	7938-1
4215b	60581	7938-1
3455	92950	7938-1
4864b	87552	7938-1
30237	30237b	7938-1
58123c01	58123bc01	7938-1
92340	92088	7938-1
30237	30237b	30013-1
4865	4865b	2824-20
4865	4865b	2824-21
4865	4865b	2824-22
4617	92842	2824-23
42446	42446	2824-25
4865	4865b	7985-1
4085d	4085b	7985-1
88072	4623	7985-1
60583	60583b	7985-1
30237b	30237	7985-1
60700	87697	7286-1
60470	60470b	7286-1
cty005	cty005a	7286-1
6019	61252	7287-1
30237	30237b	7287-1
4151	4151b	7287-1
60470	60470b	7287-1
4623	88072	7287-1
3957b	3957	3937-1
3794b	3794	3937-1
30237	30237b	3184-1
60470	60470b	3184-1
3957	3957b	4204-1
2453	2453b	4204-1
60470	60470b	4204-1
60583	60583b	4204-1
2436	2436b	4204-1
4085d	4085b	4203-1
60700	87697	4200-1
2453	2453b	9468-1
32064b	32064	8863-1
4032b	4032	8863-1
4617	92842	8863-1
54821	54821	8863-1
64275	64275	8863-1
3245c	3245b	7946-1
48729b	48729	7946-1
30237	30237b	7946-1
3794	3794b	7946-1
4497	4497	7947-1
3847	3847	7947-1
3455	92950	7947-1
60470	60470b	7947-1
4865	4865b	9468-1
60700	87697	3366-1
88072	4623	3365-1
53989	98313	3365-1
3044	3044c	7306-1
61252	6019	7306-1
4085b	4085d	7306-1
59895	3139	7307-1
4085c	4085d	7325-1
4623	88072	7325-1
4599	4599b	7326-1
2436	2436b	7326-1
4085c	4085d	7326-1
30237	30237b	7326-1
60470	60470b	7326-1
3794	3794b	7326-1
2343	2343	7976-1
6019	61252	7977-1
4623	88072	7984-1
60470	60470b	7984-1
32064b	32064	8070-1
2739b	2739a	8070-1
6542	6542b	8070-1
2850	2850b	8070-1
2905	99773	8070-1
60176	93571	2193-1
60700	87697	7279-1
3794	3794b	7279-1
30173b	30173b	2258-1
4865	4865b	2258-1
6019	61252	2259-1
53989	98313	2259-1
553b	553c	2259-1
54821	54821	2260-1
60176	89652	2260-1
60470	60470b	2263-1
4085c	4085d	2505-1
60470	60470b	2505-1
3044	3044c	2505-1
4865	4865b	2505-1
30241	30241b	7285-1
60700	87697	7288-1
2453	2453b	7288-1
4085d	4085b	7288-1
60470	60470b	7288-1
3245c	3245b	7288-1
3957	3957b	5929-1
3794	3794b	5929-1
60583	60583b	5929-1
88072	4623	5761-1
4865	4865b	5761-1
3957	3957b	5933-1
30237	30237b	5933-1
553b	553c	5933-1
60700	87697	5933-1
2339	76768	5766-1
60700	87697	5765-1
53989	98313	5764-1
49668	49668	5764-1
4085c	4085d	2519-1
53989	98313	2519-1
30241	30241b	2519-1
553b	553c	2519-1
4865b	4865	8201-1
2436	2436b	8201-1
3139	59895	8201-1
3957b	3957	8206-1
4085d	4085b	8206-1
60470	60470b	3658-1
59895	3139	3658-1
4863	61345	3658-1
553b	553c	3658-1
9468stk01a	9468stk01b	9468-1
30237	30237b	9465-1
48729	48729b	9465-1
4865	4865b	9465-1
2346	56897	9465-1
53989	98313	9465-1
3794	3794b	9465-1
3044	3044c	9465-1
4460a	4460b	9465-1
4854	72454	4207-1
3794	3794b	9462-1
4085c	4085d	9462-1
30153	30153	853176-1
3957	3957b	3185-1
2436	2436b	3185-1
30237b	30237	3185-1
3794	3794b	3185-1
60700	87697	3185-1
4085d	4085b	3185-1
4865b	4865	3185-1
60700	87697	3186-1
30241	30241b	30165-1
30237	30237b	30165-1
4599	4599b	30165-1
30350	30350b	9448-1
553b	553c	9449-1
93787	59232	9449-1
2436	2436b	9449-1
2206	90265	6051-1
60700	87697	3648-1
30256	98549	3648-1
61252	6019	2518-1
41896	56908	8069-1
eleph4c01pb01	eleph5c01pb01	6136-1
2346	56897	8067-1
58088	58088	8068-1
2905	99773	8068-1
4085b	4085d	7869-1
6120	99774	7869-1
2362b	87544	40016-1
3957b	3957	7187-1
4497	4497	7187-1
30241	30241b	7187-1
3847	3847	7187-1
3794	3794b	7187-1
3245c	3245b	7188-1
3957	3957b	7188-1
30237	30237b	7188-1
6019	61252	7188-1
60470	60470b	7188-1
3245c	3245b	7189-1
30241	30241b	7189-1
553b	553c	7189-1
3794	3794b	7189-1
60470	60470b	7189-1
4599	4599b	7956-1
88072	4623	7956-1
3794	3794b	7956-1
6120	99774	7956-1
4865b	4865	7961-1
3684	3684c	7961-1
3626b	3626c	7961-1
oct056	oct056a	4641-1
cty232	cty232a	4642-1
cty229	cty229a	4642-1
3957	3957b	4644-1
4865	4865b	4644-1
2610	97895	4644-1
30241	30241b	4644-1
60700	87697	4644-1
60583	60583b	4644-1
cty236	cty236a	4644-1
cty233	cty233a	4644-1
2453	2453b	4644-1
60470	60470b	4644-1
4532a	4532	4644-1
2446	2446	4644-1
3957b	3957	4645-1
30237	30237b	4645-1
2453	2453b	4645-1
61252	6019	4645-1
60700	87697	4645-1
3684	3684c	4645-1
42445	99784	4645-1
3794	3794b	2521-1
3957b	3957	5771-1
2453	2453b	5771-1
3626c	3626b	5771-1
60700	87697	5771-1
3794	3794b	5771-1
2436	2436b	5771-1
4865	4865b	5771-1
2362a	87544	5771-1
3794	3794b	5770-1
6019	61252	5770-1
60470	60470b	5770-1
4599	4599b	5770-1
4854	72454	5770-1
2453	2453b	5770-1
30237	30237b	5770-1
4865	4865b	5770-1
6019	61252	5767-1
4085c	4085d	5767-1
3794	3794b	5767-1
53585	32474	2282-1
553b	553c	2506-1
4865	4865b	2506-1
53989	98313	2506-1
56908	41896	2506-1
30173b	30173b	2507-1
2453	2453b	2507-1
4865	4865b	2507-1
3794	3794b	2507-1
553b	553c	2507-1
53989	98313	2507-1
4497	4497	2507-1
30241	30241b	2509-1
2610	97895	4643-1
4085d	4085b	7049-1
4085d	4085b	7050-1
60470	60470b	7051-1
3794	3794b	7051-1
4589	4589b	7052-1
6019	61252	7067-1
60470	60470b	7067-1
3046a	3046b	7067-1
2436	2436b	7067-1
3183c	98263	7877-1
30241	30241b	7879-1
3794	3794b	7879-1
2453	2453b	7879-1
2436	2436b	7879-1
64800pb01c02	64800pb01c02f	7879-1
2850	2850b	8081-1
6542	6542b	8081-1
2739b	2739a	8081-1
6542	6542b	8109-1
3139	4624c05	8638-1
4865	4865b	8638-1
30241	30241b	8677-1
3245c	3245b	8677-1
3794	3794b	8677-1
30241	30241b	9461-1
4085c	4085d	9461-1
x346	x346	9464-1
3049	3049c	9464-1
4865	4865b	9464-1
3794b	3794	9464-1
4085d	4085b	9464-1
3794	3794b	4865-1
4085c	4085d	4866-1
60470	60470b	4866-1
6019	61252	4866-1
3957b	3957	4866-1
4085c	4085d	4867-1
3794	3794b	4867-1
2453	2453b	4867-1
30237	30237b	9464-1
9464stk01b	9464stk01a	9464-1
4865b	4865	9467-1
3794b	3794	9467-1
1396pb01	dupbunnyc01pb01	30063-1
30237b	30237	30201-1
3794	3794b	9466-1
32064b	32064	9466-1
30093	30093	9349-1
3794	3794b	30053-1
87697	60700	10219-1
3794	3794b	10219-1
4085d	4085b	10219-1
2453	2453b	10219-1
30241	30241b	10219-1
60583	60583b	10219-1
30241	30241b	9466-1
4623	88072	9466-1
3063	3063	224-2
30173	30173b	30083-1
60470	60470b	30082-1
30173	30173b	30080-1
553b	553c	40017-1
3794	3794b	21009-1
x77ac50	x77ac100	9396-1
2739b	2739a	9396-1
2739b	2739a	9398-1
6536	44809	9398-1
3794	3794b	30210-1
4623	88072	30211-1
53989	98313	30211-1
4864b	87552	79003-1
3794b	3794	79003-1
4865b	4865	79003-1
30350	30350b	79003-1
4865b	4865	10231-1
87993	87993	853301-1
4727	4727	6053-1
3794	3794b	21010-1
3245c	3245b	21011-1
4623	88072	21011-1
3794	3794b	7553-8
64648	64648	7553-11
3794	3794b	7958-4
3794	3794b	7958-6
6019	61252	7958-8
2570	2570	7958-8
6019	61252	7958-11
4085d	4085b	7958-18
553b	553c	7958-18
4865b	4865	30111-1
2905	99773	9391-1
2905	99773	9392-1
2905	99773	9394-1
2905	99773	9395-1
2850	2850b	9395-1
3794	3794b	9446-1
42445	99784	9446-1
4865	4865b	9446-1
3794b	3794	9446-1
30391	92402	9445-1
4532a	4532	9445-1
2376	74698	9486-1
30241	30241b	5882-1
3794	3794b	5882-1
53451	53451	5882-1
61252	6019	5882-1
30239	10884	5882-1
53989	98313	5883-1
30241	30241b	5883-1
2453	2453b	5883-1
53989	98313	5884-1
3957b	3957	5884-1
2453	2453b	5887-1
3794	3794b	5887-1
30241	30241b	5887-1
53989	98313	5887-1
2362b	2362a	5887-1
4085c	4085d	5887-1
3794	3794b	9481-1
30241	30241b	9480-1
4865	4865b	9479-1
53989	98313	4208-1
61252	6019	4208-1
30237	30237b	4432-1
60583	60583b	4432-1
6087	76766	4432-1
4865	30237	3817-1
3794	4085d	3817-1
4864px16	87552pb003	3818-1
60583	60583b	3818-1
4865b	4865	3818-1
4085d	4085b	3818-1
2436	2436b	3818-1
60700	87697	4431-1
4079	4079b	4431-1
4865	4865b	4433-1
30237	30237b	4433-1
3794	3794b	4434-1
30237	30237b	4434-1
87697	60700	4434-1
2436	2436b	4434-1
87697	60700	4435-1
4032b	4032	4435-1
30241	30241b	4435-1
88072	4623	4435-1
60700	87697	4436-1
60470	60470b	4436-1
3957b	3957	4436-1
3794	3794b	4437-1
30391	92402	4437-1
30033	75937	9491-1
3794b	3794	9493-1
4865b	4865	9495-1
3794	3794b	9441-1
553c	553b	9441-1
4865	4865b	9442-1
30237	30237b	9442-1
3794	3794b	9442-1
4865	4865b	9443-1
2436	2436b	9443-1
3794	3794b	9443-1
32064b	32064	9444-1
2436	2436b	9095-1
553b	553c	30028-1
2436	2436b	7292-1
3794	3794b	7292-1
2436b	2436	9509-5
3794	3794b	9509-5
4085d	4085b	9509-8
4085d	4085b	9509-9
4085d	4085b	9509-11
4085d	4085b	9509-15
3794b	3794	9509-17
3794	3794b	9509-23
4865	4865b	6858-1
2376	74698	6858-1
2436	2436b	40034-1
4865	4865b	40034-1
3794b	3794	41000-1
30241	30241b	41001-1
3794	3794b	41001-1
3626c	3626b	41002-1
3794	3794b	41002-1
4085c	4085d	41003-1
2436b	2436	41004-1
3794b	3794	41004-1
3957b	3957	41004-1
3794b	3794	41008-1
3794	3794b	4637-1
30089	30089b	4637-1
60700	87697	4636-1
4085d	4085b	9675-1
2376	74698	9675-1
2376	74698	9676-1
3957b	3957	4635-1
553b	553c	4635-1
30237	30237b	4635-1
30237b	30237	75005-1
3626cpb628	3626bpb121	9331-1
3626cpb629	3626bpb205	9331-1
4728	98262	4625-1
2436	2436b	4625-1
3684	3684c	4625-1
553c	553b	3316-4
54821	54821	6217-1
60902	74699	6201-1
47394pb026	47394pb061	6169-1
54821	54821	6203-1
54821	54821	6218-1
30237	30237b	4205-1
3794	3794b	4205-1
2436	2436b	4205-1
4599	4599b	4205-1
53989	98313	9455-1
61406pb02	61406pb02	9455-1
3794	3794b	9457-1
32064	32064b	9457-1
4032b	4032	3931-1
4865b	4865	3061-1
30237b	30237	3061-1
2339	76768	3065-1
553c	553b	3183-1
553c	553b	3187-1
3626c	3626b	3187-1
3794	3794b	3187-1
2436	2436b	3187-1
4085d	4085b	3187-1
30350	30350b	3187-1
60583	60583b	3188-1
30241	30241b	3188-1
3794	3794b	3188-1
4085d	4085b	3188-1
3626b	3626c	3316-6
3794b	3794	3316-18
3626b	3626c	3316-25
3794b	3794	41017-1
30239	10884	41019-1
3794	3794b	41019-1
3626bpb001	3626cpb001	79002-1
4865	4865b	79004-1
3794b	3794	79004-1
30237	30237b	79004-1
3794	3794b	79010-1
3626cpb001	3626bpb001	79010-1
4085c	4085d	60003-1
3794b	3794	60005-1
3794	3794b	60004-1
30350	30350b	60007-1
30350	30350b	75000-1
3794b	3794	75001-1
2436	2436b	75002-1
3794	3794b	75012-1
2436	2436b	75013-1
3794b	3794	75013-1
3794	3794b	75009-1
3475b	98302	60018-1
3794	3794b	60018-1
30241	30241b	79001-1
3626bpb001	3626cpb001	79001-1
6019	61252	79001-1
4085c	4085d	79001-1
3684	3684c	79001-1
3245c	3245b	79000-1
3794	3794b	79000-1
4085d	4085b	60016-1
3957b	3957	10656-1
553b	553c	10656-1
3794b	3794	10656-1
2436	2436b	31006-1
3794	3794b	31006-1
4085d	4085b	70001-1
4865	4865b	79103-1
2436	2436b	79103-1
3794b	3794	79103-1
3794	3794b	79103-1
3794	3794b	75014-1
6019	61252	70003-1
3794	3794b	70003-1
4865	4865b	70004-1
3049	3049c	70004-1
60470	60470b	70002-1
4865	4865b	70002-1
30350b	30350	70002-1
30374	30374	70005-1
3794	3794b	30250-1
3794	3794b	40051-1
3794	3794b	30251-1
3794	3794b	30254-1
3794	3794b	10662-1
3794	3794b	30242-1
3794	3794b	40052-1
2850	2850b	42000-1
3794	3794b	76008-1
3626bpb001	3626cpb001	79007-1
3794	3794b	60025-1
30350	30350b	79109-1
3794b	3794	79110-1
4085b	4085d	79110-1
4085b	4085d	79107-1
3794b	3794	79106-1
