262,1,25510,27997442,LTE,2015-12-22 16:24:50.828
262,1,25510,27997442,LTE,2015-12-22 16:30:21.258
262,1,25510,27997442,LTE,2015-12-22 16:30:33.21
262,1,25510,27997442,LTE,2015-12-22 16:30:44.141
262,1,25510,27997442,LTE,2015-12-22 16:30:54.163
262,1,25510,27997442,LTE,2015-12-22 16:31:04.15
262,1,25510,27997442,LTE,2015-12-22 16:31:13.446
262,1,25510,27997442,LTE,2015-12-22 16:31:23.135
262,1,25510,27997442,LTE,2015-12-22 16:31:48.442
262,1,25510,27997442,LTE,2015-12-22 16:31:53.452
262,1,25510,27997442,LTE,2015-12-22 16:31:59.422
262,1,25510,27997442,LTE,2015-12-22 16:32:05.458
262,1,25510,27997442,LTE,2015-12-22 16:32:11.165
262,1,25510,27997442,LTE,2015-12-22 16:32:17.562
262,1,25510,28016898,LTE,2015-12-22 16:32:22.446
262,1,25510,28016898,LTE,2015-12-22 16:32:31.464
262,1,25510,28016898,LTE,2015-12-22 16:32:40.469
262,1,25510,31858176,LTE,2015-12-22 16:33:34.251
262,1,25510,31858176,LTE,2015-12-22 16:33:45.52
262,1,25510,31858176,LTE,2015-12-22 16:33:52.45
262,1,25510,31858176,LTE,2015-12-22 16:34:01.488
262,1,25510,31858176,LTE,2015-12-22 16:34:26.457
262,1,25510,31858176,LTE,2015-12-22 16:34:35.472
262,1,25510,27997441,LTE,2015-12-22 16:34:46.464
262,1,25510,27997441,LTE,2015-12-22 16:34:52.156
262,1,25510,27997441,LTE,2015-12-22 16:34:57.24
262,1,25510,27997441,LTE,2015-12-22 16:35:05.486
262,1,25510,27997440,LTE,2015-12-22 16:35:39.458
262,1,25510,27997440,LTE,2015-12-22 16:35:52.438
262,1,25510,27997440,LTE,2015-12-22 16:35:57.427
262,1,25510,27997440,LTE,2015-12-22 16:36:03.428
262,1,25510,27997440,LTE,2015-12-22 16:36:06.456
262,1,25510,27997440,LTE,2015-12-22 16:36:09.43
262,1,25510,27997440,LTE,2015-12-22 16:36:12.498
262,1,25510,27997441,LTE,2015-12-22 16:36:15.552
262,1,25510,27997441,LTE,2015-12-22 16:36:21.466
262,1,25510,27997441,LTE,2015-12-22 16:36:25.141
262,1,25510,27997441,LTE,2015-12-22 16:36:30.199
262,1,25510,27997441,LTE,2015-12-22 16:36:35.143
262,1,25510,27997441,LTE,2015-12-22 16:36:39.135
262,1,25510,27997441,LTE,2015-12-22 16:36:44.157
262,1,25510,27997441,LTE,2015-12-22 16:36:50.156
262,1,25510,27997441,LTE,2015-12-22 16:36:56.138
262,1,25510,27997441,LTE,2015-12-22 16:37:00.151
262,1,25510,28016896,LTE,2015-12-22 16:37:08.143
262,1,25510,27997441,LTE,2015-12-22 16:37:14.4
262,1,25510,27997441,LTE,2015-12-22 16:37:18.459
262,1,25510,27997441,LTE,2015-12-22 16:37:23.411
262,1,25510,27997441,LTE,2015-12-22 16:37:26.429
262,1,25510,27997441,LTE,2015-12-22 16:37:31.429
262,1,25510,27997441,LTE,2015-12-22 16:37:35.431
262,1,25510,27997441,LTE,2015-12-22 16:37:38.424
262,1,25510,28016897,LTE,2015-12-22 16:37:42.433
262,1,25510,28016897,LTE,2015-12-22 16:37:45.435
262,1,25510,28016897,LTE,2015-12-22 16:37:50.811
262,1,25510,28016897,LTE,2015-12-22 16:37:55.419
262,1,25510,28016897,LTE,2015-12-22 16:38:00.41
262,1,25510,28016897,LTE,2015-12-22 16:38:05.422
262,1,25510,28016897,LTE,2015-12-22 16:38:10.434
262,1,25510,28016897,LTE,2015-12-22 16:38:15.423
262,1,25510,28016897,LTE,2015-12-22 16:38:20.414
262,1,25510,28016897,LTE,2015-12-22 16:38:24.447
262,1,25510,28016897,LTE,2015-12-22 16:38:30.443
262,1,25510,28016897,LTE,2015-12-22 16:38:38.426
262,1,25510,28016897,LTE,2015-12-22 16:38:43.42
262,1,25510,28016897,LTE,2015-12-22 16:38:49.435
262,1,25510,28016897,LTE,2015-12-22 16:38:59.462
262,1,25510,28016897,LTE,2015-12-22 16:39:13.467
262,1,25510,28016897,LTE,2015-12-22 16:39:43.438
262,1,25510,28016897,LTE,2015-12-22 16:40:16.439
262,1,25510,28016897,LTE,2015-12-22 16:40:22.437
262,1,25510,28016897,LTE,2015-12-22 16:40:43.152
262,1,25510,28016897,LTE,2015-12-22 16:40:50.434
262,1,25510,28016897,LTE,2015-12-22 16:40:58.449
262,1,25510,28016897,LTE,2015-12-22 16:41:06.456
262,1,25510,28016897,LTE,2015-12-22 16:41:14.47
262,1,25510,28016897,LTE,2015-12-22 16:41:19.467
262,1,25510,28016897,LTE,2015-12-22 16:41:23.445
262,1,25510,28016897,LTE,2015-12-22 16:41:25.421
262,1,25510,28016897,LTE,2015-12-22 16:41:28.455
262,1,25510,28016897,LTE,2015-12-22 16:41:30.448
262,1,25510,28016897,LTE,2015-12-22 16:41:32.463
262,1,25510,28016897,LTE,2015-12-22 16:41:34.48
262,1,25510,28016897,LTE,2015-12-22 16:41:36.58
262,1,25510,28016897,LTE,2015-12-22 16:41:39.414
262,1,25510,28016897,LTE,2015-12-22 16:41:41.322
262,1,25510,28016897,LTE,2015-12-22 16:41:44.446
262,1,25510,28016897,LTE,2015-12-22 16:41:47.429
262,1,25510,28016897,LTE,2015-12-22 16:41:50.459
262,1,25510,28016897,LTE,2015-12-22 16:41:53.158
262,1,25510,28016897,LTE,2015-12-22 16:41:56.164
262,1,25510,31939584,LTE,2015-12-22 16:41:59.447
262,1,25510,31939584,LTE,2015-12-22 16:42:02.434
262,1,25510,31939584,LTE,2015-12-22 16:42:05.602
262,1,25510,31939584,LTE,2015-12-22 16:42:08.442
262,1,25510,31939584,LTE,2015-12-22 16:42:11.449
262,1,25510,31939584,LTE,2015-12-22 16:42:14.437
262,1,25510,31939584,LTE,2015-12-22 16:42:17.431
262,1,25510,31939584,LTE,2015-12-22 16:42:20.431
262,1,25510,30171393,LTE,2015-12-22 16:42:23.426
262,1,25510,30171393,LTE,2015-12-22 16:42:25.44
262,1,25510,30171393,LTE,2015-12-22 16:42:28.439
262,1,25510,30171393,LTE,2015-12-22 16:42:31.437
262,1,25510,30171393,LTE,2015-12-22 16:42:34.473
262,1,25510,30171393,LTE,2015-12-22 16:42:37.487
262,1,25510,30171393,LTE,2015-12-22 16:42:40.432
262,1,25510,30171393,LTE,2015-12-22 16:42:43.452
262,1,25510,30171393,LTE,2015-12-22 16:42:46.471
262,1,25510,30171393,LTE,2015-12-22 16:42:49.473
262,1,25510,30171393,LTE,2015-12-22 16:42:52.483
262,1,25510,30171393,LTE,2015-12-22 16:42:55.428
262,1,25510,30171393,LTE,2015-12-22 16:42:58.484
262,1,25510,30171393,LTE,2015-12-22 16:43:01.496
262,1,25510,30171393,LTE,2015-12-22 16:43:04.447
262,1,25510,30171393,LTE,2015-12-22 16:43:08.171
262,1,25510,30171393,LTE,2015-12-22 16:43:10.156
262,1,25510,30171393,LTE,2015-12-22 16:43:13.463
262,1,25510,30171393,LTE,2015-12-22 16:43:16.439
262,1,25510,30171393,LTE,2015-12-22 16:43:31.508
262,1,25510,30171393,LTE,2015-12-22 16:43:34.003
262,1,25510,30171393,LTE,2015-12-22 16:43:36.482
262,1,25510,30171393,LTE,2015-12-22 16:43:39.488
262,1,25510,30171393,LTE,2015-12-22 16:43:42.446
262,1,25510,30171393,LTE,2015-12-22 16:43:45.488
262,1,25510,30171393,LTE,2015-12-22 16:43:48.491
262,1,25510,30171393,LTE,2015-12-22 16:43:51.5
262,1,25510,30171393,LTE,2015-12-22 16:43:54.477
262,1,25510,30171393,LTE,2015-12-22 16:43:57.477
262,1,25510,30171393,LTE,2015-12-22 16:44:00.445
262,1,25510,30171393,LTE,2015-12-22 16:44:03.475
262,1,25510,30171393,LTE,2015-12-22 16:44:06.483
262,1,25510,30171393,LTE,2015-12-22 16:44:09.451
262,1,25510,30589185,LTE,2015-12-22 16:44:12.458
262,1,25510,30589185,LTE,2015-12-22 16:44:15.45
262,1,25510,30589185,LTE,2015-12-22 16:44:18.479
262,1,25510,30589185,LTE,2015-12-22 16:44:21.442
262,1,25510,30589185,LTE,2015-12-22 16:44:24.428
262,1,25510,30589185,LTE,2015-12-22 16:44:27.461
262,1,25510,30589185,LTE,2015-12-22 16:44:30.448
262,1,25510,30589185,LTE,2015-12-22 16:44:33.422
262,1,25510,30589185,LTE,2015-12-22 16:44:36.517
262,1,25510,30589185,LTE,2015-12-22 16:44:39.456
262,1,25510,30588418,LTE,2015-12-22 16:44:52.493
262,1,25510,30588418,LTE,2015-12-22 16:45:02.499
262,1,25510,30588418,LTE,2015-12-22 16:45:12.481
262,1,25510,30588418,LTE,2015-12-22 16:45:22.477
262,1,25510,30588418,LTE,2015-12-22 16:45:33.474
262,1,25510,27999233,LTE,2015-12-22 16:45:52.478
262,1,25510,27999233,LTE,2015-12-22 16:46:02.427
262,1,25510,27999233,LTE,2015-12-22 16:46:11.422
262,1,25510,27999233,LTE,2015-12-22 16:46:20.419
262,1,25510,28001025,LTE,2015-12-22 16:46:32.469
262,1,25510,28001025,LTE,2015-12-22 16:46:41.902
262,1,25510,28001025,LTE,2015-12-22 16:46:57.449
262,1,25510,28001025,LTE,2015-12-22 16:46:59.474
262,1,25510,28001025,LTE,2015-12-22 16:47:04.451
262,1,25510,28000768,LTE,2015-12-22 16:47:13.483
262,1,25510,28000768,LTE,2015-12-22 16:47:22.48
262,1,25510,28000768,LTE,2015-12-22 16:47:28.433
262,1,25510,28000768,LTE,2015-12-22 16:47:53.151
262,1,25510,28000768,LTE,2015-12-22 16:47:59.469
262,1,25510,28000768,LTE,2015-12-22 16:48:08.451
262,1,25510,28000768,LTE,2015-12-22 16:48:14.512
262,1,25510,28000768,LTE,2015-12-22 16:48:18.463
262,1,25510,28000768,LTE,2015-12-22 16:48:32.182
262,1,25510,28000768,LTE,2015-12-22 16:49:16.239
262,1,25510,28000768,LTE,2015-12-22 16:49:35.474
262,1,25510,28000768,LTE,2015-12-22 16:49:42.429
262,1,25510,28000768,LTE,2015-12-22 16:49:50.146
262,1,21161,2629500,UMTS,2015-12-22 16:49:59.478
262,1,21161,2685137,UMTS,2015-12-22 16:50:14.506
262,1,21161,2685137,UMTS,2015-12-22 16:50:24.501
262,1,21161,2685137,UMTS,2015-12-22 16:50:34.472
262,1,25510,28000768,LTE,2015-12-22 16:51:04.441
262,1,25510,28033793,LTE,2015-12-22 16:51:13.482
262,1,25510,28033793,LTE,2015-12-22 16:51:26.462
262,1,25510,28033793,LTE,2015-12-22 16:51:40.139
262,1,25510,28033793,LTE,2015-12-22 16:51:53.464
262,1,25510,28033793,LTE,2015-12-22 16:51:59.464
262,1,25510,28033793,LTE,2015-12-22 16:52:07.46
262,1,25510,28033793,LTE,2015-12-22 16:52:24.449
262,1,25510,28033793,LTE,2015-12-22 16:52:38.475
262,1,25510,28033793,LTE,2015-12-22 16:52:48.454
262,1,25510,28016641,LTE,2015-12-22 16:52:56.499
262,1,25510,28016641,LTE,2015-12-22 16:53:09.455
262,1,25510,28016641,LTE,2015-12-22 16:53:23.433
262,1,21161,2650298,UMTS,2015-12-22 16:53:43.469
262,1,21161,2659756,UMTS,2015-12-22 16:54:27.445
262,1,21161,2659756,UMTS,2015-12-22 16:54:28.458
262,1,21161,2659756,UMTS,2015-12-22 16:54:37.441
262,1,21161,2659756,UMTS,2015-12-22 16:54:52.481
262,1,25510,31066882,LTE,2015-12-22 16:55:02.47
262,1,25510,31066882,LTE,2015-12-22 16:55:10.457
262,1,25510,28019458,LTE,2015-12-22 16:55:18.155
262,1,25510,28019458,LTE,2015-12-22 16:55:51.499
262,1,25510,28019458,LTE,2015-12-22 16:56:12.463
262,1,21161,2627499,UMTS,2015-12-22 17:02:52.489
262,1,21161,2654887,UMTS,2015-12-22 17:03:28.097
262,1,21161,2654887,UMTS,2015-12-22 17:03:38.478
262,1,21161,2650297,UMTS,2015-12-22 17:04:17.472
262,1,21161,2650297,UMTS,2015-12-22 17:04:17.521
262,1,21161,2650297,UMTS,2015-12-22 17:04:40.456
262,1,21161,2650297,UMTS,2015-12-22 17:04:55.174
262,1,21161,2650290,UMTS,2015-12-22 17:05:07.472
262,1,21161,2650290,UMTS,2015-12-22 17:05:23.474
262,1,21161,2659757,UMTS,2015-12-22 17:05:57.067
262,1,21161,2650298,UMTS,2015-12-22 17:07:02.478
262,1,21161,2650290,UMTS,2015-12-22 17:07:37.445
262,1,21161,2650290,UMTS,2015-12-22 17:07:45.485
262,1,21161,2647501,UMTS,2015-12-22 17:07:54.148
262,1,21161,2647501,UMTS,2015-12-22 17:08:09.453
262,1,21161,2647501,UMTS,2015-12-22 17:08:20.491
262,1,21161,2647501,UMTS,2015-12-22 17:08:29.43
262,1,21161,2640381,UMTS,2015-12-22 17:09:09.505
262,1,21161,2640381,UMTS,2015-12-22 17:09:44.477
262,1,21161,2627569,UMTS,2015-12-22 17:11:23.501
262,1,21161,2627569,UMTS,2015-12-22 17:12:18.485
262,1,21161,2677834,UMTS,2015-12-22 17:12:36.478
262,1,21161,2677834,UMTS,2015-12-22 17:12:48.184
262,1,21161,2677834,UMTS,2015-12-22 17:13:04.479
262,1,21161,2677834,UMTS,2015-12-22 17:13:28.455
262,1,21161,2677834,UMTS,2015-12-22 17:13:47.473
262,1,25510,28016641,LTE,2015-12-22 17:14:43.428
262,1,21161,2661469,UMTS,2015-12-22 17:18:25.338
262,1,25510,28016641,LTE,2015-12-22 21:51:09.445
262,1,25510,28016641,LTE,2015-12-22 21:51:19.519
262,1,25510,28016641,LTE,2015-12-22 21:51:40.498
262,1,25510,28016641,LTE,2015-12-22 21:52:19.5
262,1,25510,28016641,LTE,2015-12-22 21:52:59.468
262,1,25510,28016641,LTE,2015-12-22 21:53:41.508
262,1,25510,28016641,LTE,2015-12-22 21:54:20.468
262,1,21161,2640381,UMTS,2015-12-22 21:55:09.494
262,1,21161,2673040,UMTS,2015-12-22 21:56:00.557
262,1,21161,2640381,UMTS,2015-12-22 21:56:54.599
262,1,21161,2640381,UMTS,2015-12-22 21:58:07.44
262,1,21161,2640381,UMTS,2015-12-23 00:26:26.469
262,1,21161,2640381,UMTS,2015-12-23 00:26:47.465
262,1,21161,2650298,UMTS,2015-12-23 00:27:36.457
262,1,21161,2650298,UMTS,2015-12-23 00:28:17.492
262,1,21161,2650298,UMTS,2015-12-23 00:28:56.483
262,1,21161,2650298,UMTS,2015-12-23 00:31:16.483
262,1,21161,2650298,UMTS,2015-12-23 00:31:36.502
262,1,21161,2650298,UMTS,2015-12-23 00:32:16.487
262,1,21161,2650298,UMTS,2015-12-23 00:32:48.465
262,1,21161,2650298,UMTS,2015-12-23 00:33:26.457
262,1,21161,2650298,UMTS,2015-12-23 00:33:56.479
262,1,21161,2650298,UMTS,2015-12-23 00:34:56.522
262,1,21161,2650297,UMTS,2015-12-23 00:35:45.46
262,1,21161,2650297,UMTS,2015-12-23 00:36:46.461
262,1,21161,2650297,UMTS,2015-12-23 00:37:06.48
262,1,21161,2647501,UMTS,2015-12-23 00:37:56.459
262,1,21161,2647501,UMTS,2015-12-23 00:38:47.444
262,1,26550,32125697,LTE,2016-01-07 06:30:46.462
262,1,26550,32125697,LTE,2016-01-07 06:41:50.377
262,1,26550,27522050,LTE,2016-01-07 06:42:10.948
262,1,26550,32125697,LTE,2016-01-07 06:42:29.481
262,1,26550,32125697,LTE,2016-01-07 06:42:38.392
262,1,26550,32125697,LTE,2016-01-07 06:42:46.165
262,1,26550,32125697,LTE,2016-01-07 06:42:57.405
262,1,26550,27510273,LTE,2016-01-07 06:43:08.422
262,1,26550,32125697,LTE,2016-01-07 06:43:32.588
262,1,26550,32125697,LTE,2016-01-07 06:43:43.435
262,1,26550,32125697,LTE,2016-01-07 06:43:49.414
262,1,26550,32125697,LTE,2016-01-07 06:43:54.372
262,1,26550,32125697,LTE,2016-01-07 06:44:01.436
262,1,26550,32125697,LTE,2016-01-07 06:44:07.424
262,1,26550,27510272,LTE,2016-01-07 06:44:11.115
262,1,26550,27510272,LTE,2016-01-07 06:44:16.313
262,1,26550,27510272,LTE,2016-01-07 06:44:20.44
262,1,26550,27510272,LTE,2016-01-07 06:44:24.394
262,1,26550,27997696,LTE,2016-01-07 06:44:33.817
262,1,26550,27997696,LTE,2016-01-07 06:44:38.366
262,1,26550,27997696,LTE,2016-01-07 06:44:44.377
262,1,26550,27997696,LTE,2016-01-07 06:44:52.466
262,1,26550,26543360,LTE,2016-01-07 06:45:07.434
262,1,26550,26543360,LTE,2016-01-07 06:45:19.374
262,1,26550,26543360,LTE,2016-01-07 06:45:28.381
262,1,26550,26543360,LTE,2016-01-07 06:45:37.437
262,1,26550,26543360,LTE,2016-01-07 06:46:59.4
262,1,26550,26543360,LTE,2016-01-07 06:47:52.134
262,1,26550,26543360,LTE,2016-01-07 06:48:07.14
262,1,26550,26543360,LTE,2016-01-07 06:49:26.404
262,1,26550,26543360,LTE,2016-01-07 06:50:26.389
262,1,26550,26543360,LTE,2016-01-07 06:51:06.38
262,1,26550,26543360,LTE,2016-01-07 06:51:14.128
262,1,26550,26543362,LTE,2016-01-07 06:51:49.105
262,1,26550,26543362,LTE,2016-01-07 06:54:58.439
262,1,26550,26543362,LTE,2016-01-07 06:55:08.105
262,1,26550,26543360,LTE,2016-01-07 06:55:21.1
262,1,26550,26543360,LTE,2016-01-07 06:55:32.105
262,1,26550,26543360,LTE,2016-01-07 06:55:39.104
262,1,26550,27522307,LTE,2016-01-07 06:55:45.113
262,1,26550,27522307,LTE,2016-01-07 06:56:00.141
262,1,26550,27522307,LTE,2016-01-07 06:56:00.146
262,1,26550,27522307,LTE,2016-01-07 06:56:06.143
262,1,26550,27522307,LTE,2016-01-07 06:56:11.115
262,1,26550,27522307,LTE,2016-01-07 06:56:16.143
262,1,26550,27522307,LTE,2016-01-07 06:56:21.101
262,1,26550,27522307,LTE,2016-01-07 06:56:28.103
262,1,26550,27522307,LTE,2016-01-07 06:56:39.135
262,1,26550,26543362,LTE,2016-01-07 06:56:47.104
262,1,26550,26543361,LTE,2016-01-07 06:56:53.103
262,1,26550,26543361,LTE,2016-01-07 06:56:58.101
262,1,26550,26543361,LTE,2016-01-07 06:57:03.123
262,1,26550,26543361,LTE,2016-01-07 06:57:09.134
262,1,26550,26543361,LTE,2016-01-07 06:57:18.463
262,1,26550,26543361,LTE,2016-01-07 06:57:24.407
262,1,26550,26543361,LTE,2016-01-07 06:57:32.413
262,1,26550,27997698,LTE,2016-01-07 06:57:39.083
262,1,26550,27997698,LTE,2016-01-07 06:57:53.383
262,1,26550,27510274,LTE,2016-01-07 06:58:12.449
262,1,26550,27510274,LTE,2016-01-07 06:59:36.133
262,1,26550,27510274,LTE,2016-01-07 06:59:41.417
262,1,26550,27510274,LTE,2016-01-07 06:59:47.474
262,1,26550,27510274,LTE,2016-01-07 06:59:51.91
262,1,26550,27510274,LTE,2016-01-07 06:59:57.41
262,1,26550,27510274,LTE,2016-01-07 07:00:02.139
262,1,26550,27510273,LTE,2016-01-07 07:00:05.429
262,1,26550,27510273,LTE,2016-01-07 07:00:10.432
262,1,26550,27510273,LTE,2016-01-07 07:00:13.398
262,1,26550,27510273,LTE,2016-01-07 07:00:18.422
262,1,26550,27510273,LTE,2016-01-07 07:00:21.126
262,1,26550,27510273,LTE,2016-01-07 07:00:26.344
262,1,26550,27510273,LTE,2016-01-07 07:00:29.403
262,1,26550,27517952,LTE,2016-01-07 07:00:34.417
262,1,26550,27517952,LTE,2016-01-07 07:00:37.426
262,1,26550,27517952,LTE,2016-01-07 07:00:42.406
262,1,26550,27517952,LTE,2016-01-07 07:00:45.123
262,1,26550,27517952,LTE,2016-01-07 07:00:50.421
262,1,26550,27517952,LTE,2016-01-07 07:00:53.414
262,1,26550,27517952,LTE,2016-01-07 07:00:58.402
262,1,26550,26547970,LTE,2016-01-07 07:01:20.496
262,1,26550,26547970,LTE,2016-01-07 07:01:31.465
262,1,26550,26547973,LTE,2016-01-07 07:01:51.421
262,1,21162,2629870,UMTS,2016-01-07 07:01:56.473
262,1,21162,2629870,UMTS,2016-01-07 07:02:02.419
262,1,21162,2629870,UMTS,2016-01-07 07:02:05.419
262,1,21162,2629870,UMTS,2016-01-07 07:02:11.434
262,1,21162,2629870,UMTS,2016-01-07 07:02:14.392
262,1,26550,27522049,LTE,2016-01-07 07:02:19.41
262,1,26550,27517696,LTE,2016-01-07 07:02:43.484
262,1,26550,27517696,LTE,2016-01-07 07:02:53.131
262,1,26550,27517696,LTE,2016-01-07 07:02:59.425
262,1,26550,27510016,LTE,2016-01-07 07:03:05.878
262,1,26550,27510016,LTE,2016-01-07 07:03:09.097
262,1,26550,27510016,LTE,2016-01-07 07:03:14.451
262,1,26550,27510016,LTE,2016-01-07 07:03:18.395
262,1,26550,27510016,LTE,2016-01-07 07:03:21.386
262,1,26550,27517696,LTE,2016-01-07 07:03:25.387
262,1,26550,27517696,LTE,2016-01-07 07:03:28.382
262,1,26550,27517696,LTE,2016-01-07 07:03:32.394
262,1,26550,27517696,LTE,2016-01-07 07:03:35.383
262,1,26550,27517696,LTE,2016-01-07 07:03:39.103
262,1,26550,27517696,LTE,2016-01-07 07:03:43.433
262,1,26550,26553346,LTE,2016-01-07 07:03:46.457
262,1,26550,26553346,LTE,2016-01-07 07:03:49.407
262,1,26550,26553346,LTE,2016-01-07 07:03:52.371
262,1,26550,26553346,LTE,2016-01-07 07:03:55.419
262,1,26550,26553346,LTE,2016-01-07 07:04:00.561
262,1,26550,26553346,LTE,2016-01-07 07:04:04.384
262,1,26550,26553346,LTE,2016-01-07 07:04:07.387
262,1,26550,27517696,LTE,2016-01-07 07:04:12.417
262,1,26550,27517696,LTE,2016-01-07 07:04:17.441
262,1,26550,27517696,LTE,2016-01-07 07:04:22.429
262,1,26550,27517696,LTE,2016-01-07 07:04:27.406
262,1,26550,27517696,LTE,2016-01-07 07:04:33.217
262,1,26550,27517696,LTE,2016-01-07 07:04:35.397
262,1,26550,26553344,LTE,2016-01-07 07:04:39.125
262,1,26550,26553344,LTE,2016-01-07 07:04:41.46
262,1,26550,26553344,LTE,2016-01-07 07:04:45.385
262,1,26550,26553344,LTE,2016-01-07 07:04:49.152
262,1,26550,26553344,LTE,2016-01-07 07:04:52.038
262,1,26550,26553344,LTE,2016-01-07 07:04:55.445
262,1,26550,26553344,LTE,2016-01-07 07:04:59.093
262,1,26550,26553344,LTE,2016-01-07 07:05:02.414
262,1,26550,26553344,LTE,2016-01-07 07:05:08.476
262,1,21162,2675315,UMTS,2016-01-07 07:05:12.09
262,1,21162,2675315,UMTS,2016-01-07 07:05:14.1
262,1,21162,2675315,UMTS,2016-01-07 07:05:16.528
262,1,21162,2675315,UMTS,2016-01-07 07:05:18.397
262,1,21162,2675315,UMTS,2016-01-07 07:05:21.421
262,1,21162,2675315,UMTS,2016-01-07 07:05:23.442
262,1,21162,2675315,UMTS,2016-01-07 07:05:25.414
262,1,21162,2675315,UMTS,2016-01-07 07:05:27.416
262,1,21162,2675315,UMTS,2016-01-07 07:05:29.407
262,1,21162,2675315,UMTS,2016-01-07 07:05:31.402
262,1,21162,2686049,UMTS,2016-01-07 07:05:38.44
262,1,21162,2686049,UMTS,2016-01-07 07:05:40.413
262,1,21162,2686049,UMTS,2016-01-07 07:05:42.447
262,1,21162,2686049,UMTS,2016-01-07 07:05:44.432
262,1,21162,2686049,UMTS,2016-01-07 07:05:48.403
262,1,21162,2686049,UMTS,2016-01-07 07:05:50.44
262,1,21162,2686049,UMTS,2016-01-07 07:05:52.388
262,1,21162,2686049,UMTS,2016-01-07 07:05:56.412
262,1,21162,2686049,UMTS,2016-01-07 07:05:59.396
262,1,21162,2686049,UMTS,2016-01-07 07:06:01.407
262,1,21162,2686049,UMTS,2016-01-07 07:06:03.414
262,1,21162,2686049,UMTS,2016-01-07 07:06:05.403
262,1,26550,27446272,LTE,2016-01-07 07:06:08.186
262,1,26550,27446272,LTE,2016-01-07 07:06:11.112
262,1,26550,27446272,LTE,2016-01-07 07:06:13.393
262,1,26550,27446272,LTE,2016-01-07 07:06:15.381
262,1,26550,27446272,LTE,2016-01-07 07:06:17.378
262,1,26550,27446272,LTE,2016-01-07 07:06:20.378
262,1,26550,27446272,LTE,2016-01-07 07:06:22.403
262,1,26550,27446272,LTE,2016-01-07 07:06:24.14
262,1,26550,27446272,LTE,2016-01-07 07:06:29.892
262,1,26550,27446272,LTE,2016-01-07 07:06:32.512
262,1,26550,27446272,LTE,2016-01-07 07:06:34.415
262,1,26550,27446272,LTE,2016-01-07 07:06:36.396
262,1,26550,27446272,LTE,2016-01-07 07:06:38.399
262,1,26550,27446272,LTE,2016-01-07 07:06:41.426
262,1,26550,27446272,LTE,2016-01-07 07:06:43.401
262,1,26550,27446272,LTE,2016-01-07 07:06:45.446
262,1,26550,27446272,LTE,2016-01-07 07:06:48.412
262,1,26550,27446272,LTE,2016-01-07 07:06:50.41
262,1,26550,27446272,LTE,2016-01-07 07:06:52.413
262,1,26550,27511554,LTE,2016-01-07 07:06:57.454
262,1,26550,27511554,LTE,2016-01-07 07:06:59.42
262,1,26550,27511554,LTE,2016-01-07 07:07:02.377
262,1,26550,27511554,LTE,2016-01-07 07:07:04.396
262,1,26550,27511554,LTE,2016-01-07 07:07:06.395
262,1,26550,27511554,LTE,2016-01-07 07:07:09.099
262,1,26550,27511554,LTE,2016-01-07 07:07:11.411
262,1,26550,27511554,LTE,2016-01-07 07:07:13.441
262,1,26550,27511554,LTE,2016-01-07 07:07:15.101
262,1,26550,27511554,LTE,2016-01-07 07:07:18.414
262,1,26550,27511554,LTE,2016-01-07 07:07:20.409
262,1,26550,27511554,LTE,2016-01-07 07:07:23.4
262,1,26550,27511554,LTE,2016-01-07 07:07:26.141
262,1,26550,27511554,LTE,2016-01-07 07:07:29.427
262,1,26550,27511554,LTE,2016-01-07 07:07:32.293
262,1,26550,27511554,LTE,2016-01-07 07:07:35.408
262,1,26550,27511553,LTE,2016-01-07 07:07:38.09
262,1,26550,27511553,LTE,2016-01-07 07:07:41.396
262,1,26550,27511553,LTE,2016-01-07 07:07:44.426
262,1,26550,27511553,LTE,2016-01-07 07:07:47.386
262,1,26550,27511553,LTE,2016-01-07 07:07:50.404
262,1,26550,27511553,LTE,2016-01-07 07:07:53.396
262,1,26550,27511553,LTE,2016-01-07 07:07:56.374
262,1,26550,27511553,LTE,2016-01-07 07:07:59.307
262,1,26550,31710208,LTE,2016-01-07 07:08:02.385
262,1,26550,31710208,LTE,2016-01-07 07:08:05.391
262,1,26550,31710208,LTE,2016-01-07 07:08:08.384
262,1,26550,31710208,LTE,2016-01-07 07:08:12.361
262,1,26550,31710208,LTE,2016-01-07 07:08:14.393
262,1,26550,31710208,LTE,2016-01-07 07:08:16.407
262,1,26550,31710208,LTE,2016-01-07 07:08:18.359
262,1,26550,31710208,LTE,2016-01-07 07:08:20.395
262,1,26550,31710208,LTE,2016-01-07 07:08:22.403
262,1,26550,31710208,LTE,2016-01-07 07:08:24.389
262,1,26550,27443969,LTE,2016-01-07 07:08:27.1
262,1,26550,27443969,LTE,2016-01-07 07:08:29.432
262,1,26550,27443969,LTE,2016-01-07 07:08:32.414
262,1,26550,27443969,LTE,2016-01-07 07:08:34.405
262,1,26550,27443969,LTE,2016-01-07 07:08:37.384
262,1,26550,27443969,LTE,2016-01-07 07:08:39.104
262,1,26550,27443969,LTE,2016-01-07 07:08:42.383
262,1,26550,27443969,LTE,2016-01-07 07:08:44.205
262,1,26550,27443969,LTE,2016-01-07 07:08:47.458
262,1,26550,30676481,LTE,2016-01-07 07:08:50.389
262,1,26550,30676481,LTE,2016-01-07 07:08:52.398
262,1,26550,30676481,LTE,2016-01-07 07:08:55.397
262,1,26550,30676481,LTE,2016-01-07 07:08:58.44
262,1,26550,30676481,LTE,2016-01-07 07:09:00.419
262,1,26550,30676481,LTE,2016-01-07 07:09:02.435
262,1,26550,30676481,LTE,2016-01-07 07:09:05.381
262,1,26550,30676481,LTE,2016-01-07 07:09:08.375
262,1,26550,31703552,LTE,2016-01-07 07:09:10.409
262,1,26550,31703552,LTE,2016-01-07 07:09:13.395
262,1,26550,31703552,LTE,2016-01-07 07:09:15.409
262,1,26550,31703552,LTE,2016-01-07 07:09:18.142
262,1,26550,31703552,LTE,2016-01-07 07:09:21.102
262,1,26550,31703552,LTE,2016-01-07 07:09:24.095
262,1,26550,30676481,LTE,2016-01-07 07:09:27.422
262,1,26550,30676481,LTE,2016-01-07 07:09:30.411
262,1,26550,30676481,LTE,2016-01-07 07:09:33.408
262,1,26550,30676481,LTE,2016-01-07 07:09:35.422
262,1,26550,30676481,LTE,2016-01-07 07:09:37.377
262,1,26550,30676481,LTE,2016-01-07 07:09:41.39
262,1,26550,30676481,LTE,2016-01-07 07:09:43.426
262,1,26550,30676481,LTE,2016-01-07 07:09:45.386
262,1,26550,30676481,LTE,2016-01-07 07:09:48.386
262,1,26550,30676481,LTE,2016-01-07 07:09:50.642
262,1,25510,32268289,LTE,2016-01-07 07:09:54.112
262,1,25510,32268289,LTE,2016-01-07 07:09:56.101
262,1,25510,32268289,LTE,2016-01-07 07:09:58.404
262,1,25510,32268289,LTE,2016-01-07 07:10:01.381
262,1,25510,32268289,LTE,2016-01-07 07:10:03.394
262,1,25510,32268289,LTE,2016-01-07 07:10:06.149
262,1,25510,32268289,LTE,2016-01-07 07:10:08.328
262,1,25510,32268289,LTE,2016-01-07 07:10:11.408
262,1,25510,32268289,LTE,2016-01-07 07:10:14.404
262,1,25510,32268289,LTE,2016-01-07 07:10:17.395
262,1,25510,32268289,LTE,2016-01-07 07:10:20.416
262,1,25510,32268289,LTE,2016-01-07 07:10:23.397
262,1,25510,32268289,LTE,2016-01-07 07:10:26.405
262,1,25510,32268289,LTE,2016-01-07 07:10:29.445
262,1,25510,32268289,LTE,2016-01-07 07:10:32.419
262,1,25510,32268289,LTE,2016-01-07 07:10:35.365
262,1,25510,32268289,LTE,2016-01-07 07:10:38.124
262,1,25510,32268289,LTE,2016-01-07 07:10:41.405
262,1,25510,32268289,LTE,2016-01-07 07:10:44.403
262,1,25510,32268289,LTE,2016-01-07 07:10:47.409
262,1,25510,32268289,LTE,2016-01-07 07:10:50.389
262,1,25510,29063936,LTE,2016-01-07 07:11:03.447
262,1,25510,29063936,LTE,2016-01-07 07:11:05.963
262,1,25510,29063936,LTE,2016-01-07 07:11:08.085
262,1,25510,29063936,LTE,2016-01-07 07:11:10.398
262,1,25510,29063936,LTE,2016-01-07 07:11:12.426
262,1,25510,29063936,LTE,2016-01-07 07:11:15.417
262,1,25510,29063936,LTE,2016-01-07 07:11:17.369
262,1,25510,29063936,LTE,2016-01-07 07:11:19.131
262,1,25510,29063936,LTE,2016-01-07 07:11:22.094
262,1,21053,55420,GSM,2016-01-07 07:11:24.118
262,1,21053,55420,GSM,2016-01-07 07:11:26.44
262,1,21053,55420,GSM,2016-01-07 07:11:29.178
262,1,21053,55420,GSM,2016-01-07 07:11:31.429
262,1,21053,55420,GSM,2016-01-07 07:11:33.442
262,1,21053,55420,GSM,2016-01-07 07:11:36.414
262,1,21053,55420,GSM,2016-01-07 07:11:38.133
262,1,21053,55420,GSM,2016-01-07 07:11:40.464
262,1,21053,55420,GSM,2016-01-07 07:11:43.106
262,1,21053,55420,GSM,2016-01-07 07:11:45.514
262,1,21053,55420,GSM,2016-01-07 07:11:48.418
262,1,21053,55420,GSM,2016-01-07 07:11:50.41
262,1,21053,55420,GSM,2016-01-07 07:11:52.413
262,1,25510,29063937,LTE,2016-01-07 07:11:55.456
262,1,25510,29063937,LTE,2016-01-07 07:11:57.403
262,1,25510,29063937,LTE,2016-01-07 07:11:59.409
262,1,25510,29063937,LTE,2016-01-07 07:12:02.393
262,1,25510,29063937,LTE,2016-01-07 07:12:06.389
262,1,25510,29063937,LTE,2016-01-07 07:12:09.11
262,1,25510,29063937,LTE,2016-01-07 07:12:11.407
262,1,25510,29063937,LTE,2016-01-07 07:12:13.453
262,1,25510,29063937,LTE,2016-01-07 07:12:16.403
262,1,25510,29063937,LTE,2016-01-07 07:12:18.431
262,1,25510,29063937,LTE,2016-01-07 07:12:21.425
262,1,25510,29063937,LTE,2016-01-07 07:12:24.118
262,1,25510,29063937,LTE,2016-01-07 07:12:27.39
262,1,25510,29063937,LTE,2016-01-07 07:12:30.414
262,1,25510,29063937,LTE,2016-01-07 07:12:33.401
262,1,25510,29063937,LTE,2016-01-07 07:12:36.417
262,1,25510,29063937,LTE,2016-01-07 07:12:39.112
262,1,25510,29063937,LTE,2016-01-07 07:12:42.403
262,1,25510,29063937,LTE,2016-01-07 07:12:45.421
262,1,25510,29063937,LTE,2016-01-07 07:12:48.149
262,1,25510,29063937,LTE,2016-01-07 07:12:51.391
262,1,25510,29063937,LTE,2016-01-07 07:12:54.104
262,1,25510,29063937,LTE,2016-01-07 07:12:57.408
262,1,25510,29063937,LTE,2016-01-07 07:13:00.435
262,1,25510,29063937,LTE,2016-01-07 07:13:03.432
262,1,25510,29063937,LTE,2016-01-07 07:13:06.445
262,1,25510,29063937,LTE,2016-01-07 07:13:09.101
262,1,25510,25965312,LTE,2016-01-07 07:13:23.132
262,1,25510,25965312,LTE,2016-01-07 07:13:26.402
262,1,25510,25965312,LTE,2016-01-07 07:13:29.402
262,1,25510,25965312,LTE,2016-01-07 07:13:32.413
262,1,25510,25965312,LTE,2016-01-07 07:13:35.399
262,1,25510,25965312,LTE,2016-01-07 07:13:37.111
262,1,25510,25965312,LTE,2016-01-07 07:13:39.116
262,1,25510,25965312,LTE,2016-01-07 07:13:42.4
262,1,25510,25965312,LTE,2016-01-07 07:13:45.384
262,1,25510,25965312,LTE,2016-01-07 07:14:08.392
262,1,25510,25965312,LTE,2016-01-07 07:14:10.454
262,1,25510,25965312,LTE,2016-01-07 07:14:12.426
262,1,25510,25965312,LTE,2016-01-07 07:14:14.44
262,1,25510,25965312,LTE,2016-01-07 07:14:16.429
262,1,25510,25965312,LTE,2016-01-07 07:14:19.427
262,1,25510,25965312,LTE,2016-01-07 07:14:22.416
262,1,25510,25965312,LTE,2016-01-07 07:14:25.402
262,1,25510,25965312,LTE,2016-01-07 07:14:28.1
262,1,25510,25965312,LTE,2016-01-07 07:14:31.447
262,1,25510,25965312,LTE,2016-01-07 07:14:34.383
262,1,25510,25965312,LTE,2016-01-07 07:14:37.386
262,1,25510,25965312,LTE,2016-01-07 07:14:40.412
262,1,25510,25965312,LTE,2016-01-07 07:14:43.401
262,1,25510,25965312,LTE,2016-01-07 07:14:46.428
262,1,25510,25965312,LTE,2016-01-07 07:14:49.39
262,1,25510,25965312,LTE,2016-01-07 07:14:52.467
262,1,25510,25965312,LTE,2016-01-07 07:14:55.425
262,1,25510,25965312,LTE,2016-01-07 07:14:58.412
262,1,25510,25965312,LTE,2016-01-07 07:15:01.445
262,1,25510,25965312,LTE,2016-01-07 07:15:04.417
262,1,25510,25965312,LTE,2016-01-07 07:15:07.105
262,1,25510,25965312,LTE,2016-01-07 07:15:10.105
262,1,25510,25965312,LTE,2016-01-07 07:15:13.411
262,1,25510,25965312,LTE,2016-01-07 07:15:16.427
262,1,25510,25965312,LTE,2016-01-07 07:15:19.413
262,1,25510,25965312,LTE,2016-01-07 07:15:22.385
262,1,25510,30589184,LTE,2016-01-07 07:15:25.097
262,1,25510,30589184,LTE,2016-01-07 07:15:28.409
262,1,25510,30589184,LTE,2016-01-07 07:15:31.446
262,1,25510,30589184,LTE,2016-01-07 07:15:34.373
262,1,25510,30589184,LTE,2016-01-07 07:15:37.384
262,1,25510,30589184,LTE,2016-01-07 07:15:40.392
262,1,25510,30589184,LTE,2016-01-07 07:15:43.408
262,1,25510,30589184,LTE,2016-01-07 07:15:46.445
262,1,25510,30589184,LTE,2016-01-07 07:15:49.366
262,1,25510,30589184,LTE,2016-01-07 07:15:52.392
262,1,25510,30589184,LTE,2016-01-07 07:15:58.386
262,1,25510,30589184,LTE,2016-01-07 07:16:01.38
262,1,25510,30589184,LTE,2016-01-07 07:16:04.366
262,1,25510,30171392,LTE,2016-01-07 07:16:06.391
262,1,25510,30171392,LTE,2016-01-07 07:16:09.097
262,1,25510,30171392,LTE,2016-01-07 07:16:11.426
262,1,25510,30171392,LTE,2016-01-07 07:16:14.409
262,1,25510,30171392,LTE,2016-01-07 07:16:17.43
262,1,25510,30171392,LTE,2016-01-07 07:16:20.409
262,1,25510,30171392,LTE,2016-01-07 07:16:23.472
262,1,25510,30171392,LTE,2016-01-07 07:16:26.411
262,1,25510,30171392,LTE,2016-01-07 07:16:29.311
262,1,25510,30171392,LTE,2016-01-07 07:16:32.421
262,1,25510,30171392,LTE,2016-01-07 07:16:35.407
262,1,25510,30171392,LTE,2016-01-07 07:16:38.398
262,1,25510,30171392,LTE,2016-01-07 07:16:41.392
262,1,25510,30171392,LTE,2016-01-07 07:16:44.415
262,1,21068,822,GSM,2016-01-07 07:16:47.103
262,1,21068,822,GSM,2016-01-07 07:16:50.414
262,1,21068,822,GSM,2016-01-07 07:16:53.405
262,1,21068,822,GSM,2016-01-07 07:16:56.378
262,1,21068,822,GSM,2016-01-07 07:16:59.105
262,1,21161,2660822,UMTS,2016-01-07 07:17:01.099
262,1,21161,2660822,UMTS,2016-01-07 07:17:04.133
262,1,21161,2660822,UMTS,2016-01-07 07:17:06.379
262,1,21161,2660822,UMTS,2016-01-07 07:17:09.13
262,1,21161,2660822,UMTS,2016-01-07 07:17:12.448
262,1,21161,2660822,UMTS,2016-01-07 07:17:15.452
262,1,21161,2660822,UMTS,2016-01-07 07:17:18.452
262,1,21161,2660822,UMTS,2016-01-07 07:17:21.421
262,1,21161,2660822,UMTS,2016-01-07 07:17:24.138
262,1,21161,2660822,UMTS,2016-01-07 07:17:27.457
262,1,21161,2660822,UMTS,2016-01-07 07:17:30.432
262,1,21161,2660822,UMTS,2016-01-07 07:17:33.453
262,1,21161,2660822,UMTS,2016-01-07 07:17:36.414
262,1,21161,2660822,UMTS,2016-01-07 07:17:39.4
262,1,21161,2660822,UMTS,2016-01-07 07:17:42.412
262,1,21161,2660822,UMTS,2016-01-07 07:17:45.406
262,1,21161,2660822,UMTS,2016-01-07 07:17:48.413
262,1,21161,2660822,UMTS,2016-01-07 07:17:51.411
262,1,21161,2660822,UMTS,2016-01-07 07:17:54.14
262,1,21161,2660822,UMTS,2016-01-07 07:17:57.428
262,1,21161,2660822,UMTS,2016-01-07 07:18:00.43
262,1,21161,2627521,UMTS,2016-01-07 07:18:03.62
262,1,21161,2627521,UMTS,2016-01-07 07:18:06.582
262,1,21161,2627521,UMTS,2016-01-07 07:18:08.102
262,1,21161,2627521,UMTS,2016-01-07 07:18:10.416
262,1,21161,2627521,UMTS,2016-01-07 07:18:13.41
262,1,21161,2627521,UMTS,2016-01-07 07:18:16.091
262,1,21161,2627521,UMTS,2016-01-07 07:18:19.403
262,1,21161,2627521,UMTS,2016-01-07 07:18:22.417
262,1,25510,28016896,LTE,2016-01-07 07:18:25.437
262,1,25510,28016896,LTE,2016-01-07 07:18:28.413
262,1,25510,28016896,LTE,2016-01-07 07:18:31.411
262,1,25510,28016896,LTE,2016-01-07 07:18:34.396
262,1,25510,28016896,LTE,2016-01-07 07:18:37.404
262,1,25510,28016896,LTE,2016-01-07 07:18:40.432
262,1,25510,28016896,LTE,2016-01-07 07:18:43.445
262,1,25510,28016896,LTE,2016-01-07 07:18:46.435
262,1,25510,28016896,LTE,2016-01-07 07:18:49.459
262,1,25510,28016896,LTE,2016-01-07 07:18:52.402
262,1,25510,28016896,LTE,2016-01-07 07:18:55.095
262,1,25510,28016896,LTE,2016-01-07 07:18:58.395
262,1,25510,28016896,LTE,2016-01-07 07:19:14.424
262,1,25510,28016896,LTE,2016-01-07 07:19:18.417
262,1,25510,28016896,LTE,2016-01-07 07:19:20.417
262,1,25510,28016896,LTE,2016-01-07 07:19:23.021
262,1,25510,28016896,LTE,2016-01-07 07:19:25.106
262,1,25510,28016896,LTE,2016-01-07 07:19:27.412
262,1,25510,28016896,LTE,2016-01-07 07:19:30.432
262,1,25510,28016896,LTE,2016-01-07 07:19:32.401
262,1,25510,28016896,LTE,2016-01-07 07:19:35.098
262,1,25510,28016896,LTE,2016-01-07 07:19:37.415
262,1,25510,28016896,LTE,2016-01-07 07:19:40.413
262,1,25510,28016896,LTE,2016-01-07 07:19:42.399
262,1,25510,28016896,LTE,2016-01-07 07:19:45.4
262,1,25510,28016896,LTE,2016-01-07 07:19:47.383
262,1,25510,28016896,LTE,2016-01-07 07:19:50.389
262,1,25510,28016896,LTE,2016-01-07 07:19:52.097
262,1,25510,28016896,LTE,2016-01-07 07:19:55.405
262,1,25510,28016896,LTE,2016-01-07 07:19:57.422
262,1,25510,28016896,LTE,2016-01-07 07:20:00.454
262,1,25510,27913217,LTE,2016-01-07 07:20:04.381
262,1,25510,27913217,LTE,2016-01-07 07:20:10.43
262,1,25510,27913217,LTE,2016-01-07 07:20:15.624
262,1,25510,27913217,LTE,2016-01-07 07:20:18.43
262,1,25510,28016896,LTE,2016-01-07 07:20:22.409
262,1,25510,28016896,LTE,2016-01-07 07:20:25.443
262,1,25510,28016896,LTE,2016-01-07 07:20:31.441
262,1,25510,28016896,LTE,2016-01-07 07:20:38.434
262,1,25510,28016896,LTE,2016-01-07 07:20:43.386
262,1,25510,28016896,LTE,2016-01-07 07:20:48.447
262,1,25510,28016896,LTE,2016-01-07 07:20:53.423
262,1,25510,27997441,LTE,2016-01-07 07:20:58.421
262,1,25510,27997441,LTE,2016-01-07 07:21:03.451
262,1,25510,27997441,LTE,2016-01-07 07:21:08.1
262,1,25510,27997441,LTE,2016-01-07 07:21:13.419
262,1,25510,27997441,LTE,2016-01-07 07:21:18.424
262,1,25510,27997441,LTE,2016-01-07 07:21:39.408
262,1,25510,27997441,LTE,2016-01-07 07:21:50.713
262,1,25510,27997441,LTE,2016-01-07 07:21:56.391
262,1,25510,27997441,LTE,2016-01-07 07:22:01.401
262,1,25510,27997441,LTE,2016-01-07 07:22:05.429
262,1,25510,27997441,LTE,2016-01-07 07:22:12.392
262,1,25510,27997441,LTE,2016-01-07 07:22:18.401
262,1,25510,27997440,LTE,2016-01-07 07:22:46.957
262,1,25510,27997440,LTE,2016-01-07 07:22:55.404
262,1,25510,27997440,LTE,2016-01-07 07:23:00.405
262,1,25510,27997440,LTE,2016-01-07 07:23:04.426
262,1,25510,27997441,LTE,2016-01-07 07:23:11.394
262,1,25510,27997441,LTE,2016-01-07 07:23:18.421
262,1,25510,27997441,LTE,2016-01-07 07:23:28.381
262,1,25510,27997441,LTE,2016-01-07 07:23:32.417
262,1,25510,31858176,LTE,2016-01-07 07:23:38.453
262,1,25510,31858176,LTE,2016-01-07 07:23:50.445
262,1,25510,31858176,LTE,2016-01-07 07:24:23.429
262,1,25510,31858176,LTE,2016-01-07 07:24:29.433
262,1,25510,31858176,LTE,2016-01-07 07:24:33.436
262,1,25510,31858176,LTE,2016-01-07 07:24:37.414
262,1,25510,31858176,LTE,2016-01-07 07:24:41.456
262,1,25510,28016898,LTE,2016-01-07 07:24:48.426
262,1,25510,28016898,LTE,2016-01-07 07:24:53.107
262,1,25510,28016898,LTE,2016-01-07 07:24:56.419
262,1,25510,28016898,LTE,2016-01-07 07:25:02.397
262,1,25510,27997442,LTE,2016-01-07 07:25:26.402
262,1,25510,27997442,LTE,2016-01-07 07:25:38.112
262,1,25510,27997442,LTE,2016-01-07 07:25:47.408
262,1,25510,27997442,LTE,2016-01-07 07:25:56.425
262,1,25510,27997442,LTE,2016-01-07 07:26:07.43
262,1,25510,27997442,LTE,2016-01-07 07:26:21.403
262,1,25510,27997442,LTE,2016-01-07 07:26:32.399
262,1,25510,27997442,LTE,2016-01-07 07:26:46.479
262,1,25510,27997442,LTE,2016-01-07 16:30:59.086
262,1,25510,27997442,LTE,2016-01-07 16:31:08.384
262,1,25510,27997442,LTE,2016-01-07 16:31:20.128
262,1,25510,27997442,LTE,2016-01-07 16:31:29.088
262,1,25510,27997442,LTE,2016-01-07 16:31:42.134
262,1,25510,27997442,LTE,2016-01-07 16:31:53.129
262,1,25510,27997442,LTE,2016-01-07 16:32:04.101
262,1,25510,27997442,LTE,2016-01-07 16:32:17.391
262,1,25510,27997442,LTE,2016-01-07 16:32:28.712
262,1,25510,28016898,LTE,2016-01-07 16:32:34.072
262,1,25510,28016898,LTE,2016-01-07 16:32:43.37
262,1,25510,28016898,LTE,2016-01-07 16:32:49.397
262,1,25510,28016898,LTE,2016-01-07 16:32:54.431
262,1,25510,31858176,LTE,2016-01-07 16:33:00.385
262,1,25510,31858176,LTE,2016-01-07 16:33:09.128
262,1,25510,31858176,LTE,2016-01-07 16:33:42.418
262,1,25510,31858176,LTE,2016-01-07 16:33:48.392
262,1,25510,27997441,LTE,2016-01-07 16:33:57.086
262,1,25510,27997441,LTE,2016-01-07 16:34:01.102
262,1,25510,27997441,LTE,2016-01-07 16:34:08.381
262,1,25510,27997441,LTE,2016-01-07 16:34:37.411
262,1,25510,27997441,LTE,2016-01-07 16:34:48.366
262,1,25510,27997441,LTE,2016-01-07 16:34:57.427
262,1,25510,27997441,LTE,2016-01-07 16:35:05.406
262,1,25510,27997441,LTE,2016-01-07 16:35:14.4
262,1,25510,27997440,LTE,2016-01-07 16:35:19.359
262,1,25510,27997440,LTE,2016-01-07 16:35:24.389
262,1,25510,27997440,LTE,2016-01-07 16:35:27.383
262,1,25510,27997440,LTE,2016-01-07 16:35:32.068
262,1,25510,27997441,LTE,2016-01-07 16:35:41.398
262,1,25510,27997441,LTE,2016-01-07 16:35:47.354
262,1,25510,27997441,LTE,2016-01-07 16:35:53.377
262,1,25510,27997441,LTE,2016-01-07 16:35:59.112
262,1,25510,27997441,LTE,2016-01-07 16:36:03.414
262,1,25510,27997441,LTE,2016-01-07 16:36:06.429
262,1,25510,27997441,LTE,2016-01-07 16:36:12.417
262,1,25510,27997441,LTE,2016-01-07 16:36:16.382
262,1,25510,27997441,LTE,2016-01-07 16:36:21.364
262,1,25510,27997441,LTE,2016-01-07 16:36:25.391
262,1,25510,27997441,LTE,2016-01-07 16:36:28.41
262,1,25510,28016896,LTE,2016-01-07 16:36:32.38
262,1,25510,28016896,LTE,2016-01-07 16:36:37.428
262,1,25510,28016896,LTE,2016-01-07 16:36:42.404
262,1,25510,28016896,LTE,2016-01-07 16:36:46.103
262,1,25510,28016896,LTE,2016-01-07 16:36:49.37
262,1,25510,28016896,LTE,2016-01-07 16:36:53.38
262,1,25510,28016896,LTE,2016-01-07 16:36:57.352
262,1,25510,28016896,LTE,2016-01-07 16:37:00.106
262,1,25510,28016896,LTE,2016-01-07 16:37:05.618
262,1,25510,28016897,LTE,2016-01-07 16:37:10.372
262,1,25510,28016897,LTE,2016-01-07 16:37:14.073
262,1,25510,28016897,LTE,2016-01-07 16:37:20.088
262,1,25510,28016897,LTE,2016-01-07 16:37:24.377
262,1,25510,28016897,LTE,2016-01-07 16:37:29.437
262,1,25510,27913217,LTE,2016-01-07 16:37:32.426
262,1,25510,27913217,LTE,2016-01-07 16:37:35.385
262,1,25510,27913217,LTE,2016-01-07 16:37:38.097
262,1,25510,27913217,LTE,2016-01-07 16:37:40.381
262,1,25510,27913217,LTE,2016-01-07 16:37:42.383
262,1,25510,27913217,LTE,2016-01-07 16:37:45.401
262,1,25510,27913217,LTE,2016-01-07 16:37:47.392
262,1,25510,27997441,LTE,2016-01-07 16:37:50.14
262,1,25510,27997441,LTE,2016-01-07 16:37:52.392
262,1,25510,27997441,LTE,2016-01-07 16:37:55.42
262,1,25510,27997441,LTE,2016-01-07 16:37:57.41
262,1,25510,27997441,LTE,2016-01-07 16:38:00.107
262,1,25510,27997441,LTE,2016-01-07 16:38:02.407
262,1,25510,27997441,LTE,2016-01-07 16:38:05.397
262,1,25510,27997441,LTE,2016-01-07 16:38:08.412
262,1,25510,27997441,LTE,2016-01-07 16:38:10.415
262,1,25510,28016896,LTE,2016-01-07 16:38:13.395
262,1,25510,28016896,LTE,2016-01-07 16:38:15.411
262,1,25510,28016896,LTE,2016-01-07 16:38:18.427
262,1,25510,28016896,LTE,2016-01-07 16:38:20.417
262,1,25510,28016896,LTE,2016-01-07 16:38:23.391
262,1,25510,28016896,LTE,2016-01-07 16:38:25.401
262,1,25510,28016896,LTE,2016-01-07 16:38:28.39
262,1,25510,28016896,LTE,2016-01-07 16:38:30.404
262,1,25510,28016896,LTE,2016-01-07 16:38:33.413
262,1,25510,28016896,LTE,2016-01-07 16:38:35.393
262,1,25510,28016896,LTE,2016-01-07 16:38:40.412
262,1,25510,28016896,LTE,2016-01-07 16:38:43.082
262,1,25510,28016896,LTE,2016-01-07 16:38:46.409
262,1,25510,28016896,LTE,2016-01-07 16:38:49.371
262,1,25510,28016896,LTE,2016-01-07 16:38:52.368
262,1,25510,28016896,LTE,2016-01-07 16:38:58.373
262,1,25510,28016896,LTE,2016-01-07 16:39:01.401
262,1,25510,28016896,LTE,2016-01-07 16:39:04.434
262,1,25510,28016896,LTE,2016-01-07 16:39:07.372
262,1,25510,28016896,LTE,2016-01-07 16:39:10.425
262,1,25510,28016896,LTE,2016-01-07 16:39:13.406
262,1,25510,28016896,LTE,2016-01-07 16:39:16.399
262,1,25510,28016896,LTE,2016-01-07 16:39:28.561
262,1,25510,28016896,LTE,2016-01-07 16:39:30.778
262,1,25510,28016896,LTE,2016-01-07 16:39:33.387
262,1,25510,28016896,LTE,2016-01-07 16:39:35.386
262,1,25510,28016896,LTE,2016-01-07 16:39:37.517
262,1,25510,28016896,LTE,2016-01-07 16:39:39.392
262,1,25510,28016896,LTE,2016-01-07 16:39:41.394
262,1,25510,28016896,LTE,2016-01-07 16:39:43.387
262,1,25510,28016896,LTE,2016-01-07 16:39:45.112
262,1,25510,28016896,LTE,2016-01-07 16:39:47.124
262,1,25510,28016896,LTE,2016-01-07 16:39:49.38
262,1,25510,28016896,LTE,2016-01-07 16:39:51.069
262,1,25510,28016896,LTE,2016-01-07 16:39:53.378
262,1,25510,28016896,LTE,2016-01-07 16:39:55.406
262,1,25510,28016896,LTE,2016-01-07 16:39:57.428
262,1,21161,2660822,UMTS,2016-01-07 16:39:59.117
262,1,21161,2660822,UMTS,2016-01-07 16:40:01.432
262,1,21161,2660822,UMTS,2016-01-07 16:40:03.393
262,1,21161,2660822,UMTS,2016-01-07 16:40:05.407
262,1,21161,2660822,UMTS,2016-01-07 16:40:07.389
262,1,21161,2660822,UMTS,2016-01-07 16:40:09.403
262,1,21161,2660822,UMTS,2016-01-07 16:40:11.394
262,1,21161,2660822,UMTS,2016-01-07 16:40:13.396
262,1,21161,2660822,UMTS,2016-01-07 16:40:15.391
262,1,21161,2660822,UMTS,2016-01-07 16:40:17.427
262,1,21161,2660822,UMTS,2016-01-07 16:40:19.403
262,1,21161,2660822,UMTS,2016-01-07 16:40:31.494
262,1,21161,2660822,UMTS,2016-01-07 16:40:34.358
262,1,21161,2660822,UMTS,2016-01-07 16:40:36.399
262,1,21161,2660822,UMTS,2016-01-07 16:40:39.377
262,1,21161,2660822,UMTS,2016-01-07 16:40:42.394
262,1,21161,2660822,UMTS,2016-01-07 16:40:45.082
262,1,21161,2660822,UMTS,2016-01-07 16:40:48.151
262,1,21161,2660822,UMTS,2016-01-07 16:40:51.081
262,1,21161,2660822,UMTS,2016-01-07 16:40:54.082
262,1,21161,2659198,UMTS,2016-01-07 16:40:57.383
262,1,21161,2659198,UMTS,2016-01-07 16:41:00.426
262,1,21161,2659198,UMTS,2016-01-07 16:41:03.115
262,1,21161,2659198,UMTS,2016-01-07 16:41:06.079
262,1,21161,2659198,UMTS,2016-01-07 16:41:09.359
262,1,25510,30171392,LTE,2016-01-07 16:41:12.399
262,1,25510,30171392,LTE,2016-01-07 16:41:25.404
262,1,25510,30171392,LTE,2016-01-07 16:41:28.07
262,1,25510,30171392,LTE,2016-01-07 16:41:30.406
262,1,25510,30171392,LTE,2016-01-07 16:41:33.359
262,1,25510,30171392,LTE,2016-01-07 16:41:36.36
262,1,25510,30171392,LTE,2016-01-07 16:41:39.369
262,1,25510,25965312,LTE,2016-01-07 16:41:42.092
262,1,25510,25965312,LTE,2016-01-07 16:41:45.363
262,1,25510,25965312,LTE,2016-01-07 16:41:48.366
262,1,25510,25965312,LTE,2016-01-07 16:41:51.372
262,1,25510,25965312,LTE,2016-01-07 16:41:54.381
262,1,25510,25965312,LTE,2016-01-07 16:41:58.25
262,1,25510,30589184,LTE,2016-01-07 16:42:00.414
262,1,25510,30589184,LTE,2016-01-07 16:42:03.357
262,1,25510,30589184,LTE,2016-01-07 16:42:06.357
262,1,25510,30589184,LTE,2016-01-07 16:42:09.356
262,1,25510,30589184,LTE,2016-01-07 16:42:12.363
262,1,25510,30589184,LTE,2016-01-07 16:42:15.39
262,1,25510,30589184,LTE,2016-01-07 16:42:18.394
262,1,25510,25965312,LTE,2016-01-07 16:42:21.436
262,1,25510,25965312,LTE,2016-01-07 16:42:24.351
262,1,25510,25965312,LTE,2016-01-07 16:42:26.387
262,1,25510,25965312,LTE,2016-01-07 16:42:28.41
262,1,25510,25965312,LTE,2016-01-07 16:42:30.427
262,1,25510,25965312,LTE,2016-01-07 16:42:32.404
262,1,25510,25965312,LTE,2016-01-07 16:42:34.398
262,1,25510,25965312,LTE,2016-01-07 16:42:36.401
262,1,25510,25965312,LTE,2016-01-07 16:42:38.08
262,1,25510,25965312,LTE,2016-01-07 16:42:40.38
262,1,25510,25965312,LTE,2016-01-07 16:42:42.376
262,1,25510,25965312,LTE,2016-01-07 16:42:44.079
262,1,25510,25965312,LTE,2016-01-07 16:42:46.368
262,1,25510,25965312,LTE,2016-01-07 16:42:48.367
262,1,25510,25965312,LTE,2016-01-07 16:42:50.358
262,1,25510,25965312,LTE,2016-01-07 16:42:52.402
262,1,25510,25965312,LTE,2016-01-07 16:42:54.406
262,1,25510,25965312,LTE,2016-01-07 16:42:56.407
262,1,25510,25965312,LTE,2016-01-07 16:42:58.122
262,1,25510,25965312,LTE,2016-01-07 16:43:00.496
262,1,25510,25965312,LTE,2016-01-07 16:43:02.402
262,1,25510,25965312,LTE,2016-01-07 16:43:04.414
262,1,25510,25965312,LTE,2016-01-07 16:43:06.417
262,1,25510,25965312,LTE,2016-01-07 16:43:08.416
262,1,25510,25965312,LTE,2016-01-07 16:43:10.392
262,1,25510,25965312,LTE,2016-01-07 16:43:12.372
262,1,25510,25965312,LTE,2016-01-07 16:43:14.419
262,1,25510,25965312,LTE,2016-01-07 16:43:16.44
262,1,25510,25965312,LTE,2016-01-07 16:43:18.392
262,1,25510,25965312,LTE,2016-01-07 16:43:20.437
262,1,25510,25965312,LTE,2016-01-07 16:43:22.118
262,1,25510,25965312,LTE,2016-01-07 16:43:35.418
262,1,25510,25965312,LTE,2016-01-07 16:43:37.837
262,1,25510,25965312,LTE,2016-01-07 16:43:40.387
262,1,25510,25965312,LTE,2016-01-07 16:43:43.367
262,1,25510,25965312,LTE,2016-01-07 16:43:46.412
262,1,25510,25965312,LTE,2016-01-07 16:43:49.368
262,1,25510,25965312,LTE,2016-01-07 16:43:52.366
262,1,25510,25965312,LTE,2016-01-07 16:43:55.377
262,1,25510,25965312,LTE,2016-01-07 16:43:58.979
262,1,25510,25965312,LTE,2016-01-07 16:44:01.442
262,1,25510,25965312,LTE,2016-01-07 16:44:04.372
262,1,25510,25965312,LTE,2016-01-07 16:44:07.364
262,1,25510,25965312,LTE,2016-01-07 16:44:10.39
262,1,25510,25965312,LTE,2016-01-07 16:44:13.388
262,1,25510,25965312,LTE,2016-01-07 16:44:17.404
262,1,25510,25965312,LTE,2016-01-07 16:44:19.411
262,1,25510,25965312,LTE,2016-01-07 16:44:22.401
262,1,25510,25965312,LTE,2016-01-07 16:44:25.402
262,1,25510,25965312,LTE,2016-01-07 16:44:28.956
262,1,25510,25965312,LTE,2016-01-07 16:44:30.365
262,1,25510,25965312,LTE,2016-01-07 16:44:33.86
262,1,25510,25965312,LTE,2016-01-07 16:44:35.404
262,1,25510,25965312,LTE,2016-01-07 16:44:38.397
262,1,25510,25965312,LTE,2016-01-07 16:44:41.083
262,1,25510,25965312,LTE,2016-01-07 16:44:44.382
262,1,25510,25965312,LTE,2016-01-07 16:44:47.371
262,1,25510,29063937,LTE,2016-01-07 16:44:50.405
262,1,25510,29063937,LTE,2016-01-07 16:44:53.374
262,1,25510,29063937,LTE,2016-01-07 16:44:56.395
262,1,25510,29063937,LTE,2016-01-07 16:44:59.112
262,1,25510,29063937,LTE,2016-01-07 16:45:02.437
262,1,25510,29063937,LTE,2016-01-07 16:45:05.266
262,1,25510,29063937,LTE,2016-01-07 16:45:08.381
262,1,25510,29063937,LTE,2016-01-07 16:45:11.384
262,1,25510,29063937,LTE,2016-01-07 16:45:14.112
262,1,25510,29063937,LTE,2016-01-07 16:45:17.386
262,1,25510,29063937,LTE,2016-01-07 16:45:20.395
262,1,25510,29063937,LTE,2016-01-07 16:45:23.394
262,1,25510,29063937,LTE,2016-01-07 16:45:26.405
262,1,25510,29063937,LTE,2016-01-07 16:45:29.101
262,1,25510,29063937,LTE,2016-01-07 16:45:32.394
262,1,25510,29063937,LTE,2016-01-07 16:45:35.413
262,1,25510,29063937,LTE,2016-01-07 16:45:37.406
262,1,25510,29063937,LTE,2016-01-07 16:45:39.415
262,1,25510,29063937,LTE,2016-01-07 16:45:41.419
262,1,25510,29063937,LTE,2016-01-07 16:45:43.423
262,1,25510,29063937,LTE,2016-01-07 16:45:45.403
262,1,25510,29063937,LTE,2016-01-07 16:45:47.439
262,1,25510,29063937,LTE,2016-01-07 16:45:49.411
262,1,25510,29063937,LTE,2016-01-07 16:45:51.425
262,1,25510,29063937,LTE,2016-01-07 16:45:53.394
262,1,25510,29063937,LTE,2016-01-07 16:45:55.392
262,1,25510,29063937,LTE,2016-01-07 16:45:57.076
262,1,25510,29063937,LTE,2016-01-07 16:45:59.082
262,1,25510,29063937,LTE,2016-01-07 16:46:01.369
262,1,25510,29063937,LTE,2016-01-07 16:46:03.377
262,1,25510,29063937,LTE,2016-01-07 16:46:05.357
262,1,25510,29063937,LTE,2016-01-07 16:46:07.423
262,1,25510,29063937,LTE,2016-01-07 16:46:09.069
262,1,25510,29063937,LTE,2016-01-07 16:46:11.07
262,1,25510,29063937,LTE,2016-01-07 16:46:13.083
262,1,25510,29063937,LTE,2016-01-07 16:46:15.132
262,1,25510,29063937,LTE,2016-01-07 16:46:17.078
262,1,25510,29063937,LTE,2016-01-07 16:46:19.424
262,1,25510,29063937,LTE,2016-01-07 16:46:21.366
262,1,25510,32268289,LTE,2016-01-07 16:46:23.442
262,1,25510,32268289,LTE,2016-01-07 16:46:25.318
262,1,25510,32268289,LTE,2016-01-07 16:46:27.36
262,1,25510,32268289,LTE,2016-01-07 16:46:29.078
262,1,25510,32268289,LTE,2016-01-07 16:46:31.084
262,1,25510,32268289,LTE,2016-01-07 16:46:33.367
262,1,25510,32268289,LTE,2016-01-07 16:46:35.366
262,1,25510,32268289,LTE,2016-01-07 16:46:37.081
262,1,21053,55420,GSM,2016-01-07 16:46:50.358
262,1,21053,55420,GSM,2016-01-07 16:46:53.318
262,1,21053,55420,GSM,2016-01-07 16:46:55.381
262,1,21053,55420,GSM,2016-01-07 16:46:58.122
262,1,21053,55420,GSM,2016-01-07 16:47:01.088
262,1,21053,55420,GSM,2016-01-07 16:47:04.357
262,1,21053,55420,GSM,2016-01-07 16:47:07.425
262,1,25510,32268289,LTE,2016-01-07 16:47:22.501
262,1,25510,32268289,LTE,2016-01-07 16:47:25.362
262,1,25510,32268289,LTE,2016-01-07 16:47:28.357
262,1,25510,32268289,LTE,2016-01-07 16:47:31.371
262,1,25510,32268289,LTE,2016-01-07 16:47:34.365
262,1,25510,32268289,LTE,2016-01-07 16:47:37.383
262,1,25510,32268289,LTE,2016-01-07 16:47:40.396
262,1,25510,32268289,LTE,2016-01-07 16:47:43.429
262,1,25510,32268289,LTE,2016-01-07 16:47:46.397
262,1,25510,32268289,LTE,2016-01-07 16:47:49.412
262,1,25510,32268289,LTE,2016-01-07 16:47:52.364
262,1,25510,32268289,LTE,2016-01-07 16:47:55.369
262,1,25510,32268289,LTE,2016-01-07 16:47:59.307
262,1,25510,32268289,LTE,2016-01-07 16:48:01.388
262,1,25510,32268289,LTE,2016-01-07 16:48:04.376
262,1,25510,32268289,LTE,2016-01-07 16:48:07.361
262,1,25510,32268289,LTE,2016-01-07 16:48:10.379
262,1,26550,31703554,LTE,2016-01-07 16:48:10.381
262,1,26550,31703554,LTE,2016-01-07 16:48:13.369
262,1,26550,31703554,LTE,2016-01-07 16:48:16.406
262,1,26550,31703554,LTE,2016-01-07 16:48:19.383
262,1,26550,31703554,LTE,2016-01-07 16:48:22.369
262,1,26550,31703554,LTE,2016-01-07 16:48:27.725
262,1,26550,30676481,LTE,2016-01-07 16:48:31.403
262,1,26550,30676481,LTE,2016-01-07 16:48:34.371
262,1,26550,30676481,LTE,2016-01-07 16:48:37.371
262,1,26550,30676481,LTE,2016-01-07 16:48:40.516
262,1,26550,30676481,LTE,2016-01-07 16:48:43.078
262,1,26550,30676481,LTE,2016-01-07 16:48:46.416
262,1,26550,30676481,LTE,2016-01-07 16:48:49.415
262,1,21062,54216,GSM,2016-01-07 16:48:52.396
262,1,21062,54216,GSM,2016-01-07 16:48:54.38
262,1,21062,54216,GSM,2016-01-07 16:48:57.092
262,1,21062,54216,GSM,2016-01-07 16:48:59.087
262,1,21062,54216,GSM,2016-01-07 16:49:02.397
262,1,21062,54216,GSM,2016-01-07 16:49:04.396
262,1,26550,27443969,LTE,2016-01-07 16:49:07.074
262,1,26550,27443969,LTE,2016-01-07 16:49:09.38
262,1,26550,27443969,LTE,2016-01-07 16:49:11.085
262,1,26550,27443969,LTE,2016-01-07 16:49:14.373
262,1,26550,27443969,LTE,2016-01-07 16:49:16.37
262,1,26550,27443969,LTE,2016-01-07 16:49:19.364
262,1,26550,27443969,LTE,2016-01-07 16:49:21.356
262,1,26550,27443969,LTE,2016-01-07 16:49:24.361
262,1,26550,27443969,LTE,2016-01-07 16:49:26.375
262,1,26550,31710208,LTE,2016-01-07 16:49:29.075
262,1,26550,31710208,LTE,2016-01-07 16:49:31.381
262,1,26550,31710208,LTE,2016-01-07 16:49:34.363
262,1,26550,31710208,LTE,2016-01-07 16:49:36.37
262,1,26550,31710208,LTE,2016-01-07 16:49:39.25
262,1,26550,31710208,LTE,2016-01-07 16:49:41.396
262,1,26550,31710208,LTE,2016-01-07 16:49:44.096
262,1,26550,31710208,LTE,2016-01-07 16:49:46.379
262,1,26550,31710208,LTE,2016-01-07 16:49:48.455
262,1,26550,31710208,LTE,2016-01-07 16:49:51.343
262,1,26550,31710208,LTE,2016-01-07 16:49:53.38
262,1,26550,31710208,LTE,2016-01-07 16:49:55.362
262,1,26550,31710208,LTE,2016-01-07 16:49:58.371
262,1,26550,31710208,LTE,2016-01-07 16:50:00.388
262,1,26550,31710208,LTE,2016-01-07 16:50:02.367
262,1,26550,31710208,LTE,2016-01-07 16:50:05.394
262,1,26550,31710208,LTE,2016-01-07 16:50:07.384
262,1,26550,31710208,LTE,2016-01-07 16:50:10.365
262,1,26550,31710208,LTE,2016-01-07 16:50:15.361
262,1,26550,31710208,LTE,2016-01-07 16:50:17.398
262,1,26550,31710208,LTE,2016-01-07 16:50:19.401
262,1,26550,31710208,LTE,2016-01-07 16:50:23.368
262,1,26550,31710208,LTE,2016-01-07 16:50:25.286
262,1,26550,31710208,LTE,2016-01-07 16:50:27.392
262,1,26550,27484674,LTE,2016-01-07 16:50:31.413
262,1,26550,27484674,LTE,2016-01-07 16:50:33.377
262,1,26550,27484674,LTE,2016-01-07 16:50:35.393
262,1,26550,27484674,LTE,2016-01-07 16:50:37.365
262,1,26550,27484674,LTE,2016-01-07 16:50:39.357
262,1,26550,27484674,LTE,2016-01-07 16:50:41.366
262,1,26550,27484674,LTE,2016-01-07 16:50:44.078
262,1,26550,27484674,LTE,2016-01-07 16:50:46.389
262,1,26550,27484674,LTE,2016-01-07 16:50:49.394
262,1,26550,27484674,LTE,2016-01-07 16:50:52.356
262,1,26550,27484674,LTE,2016-01-07 16:50:55.359
262,1,26550,27484674,LTE,2016-01-07 16:50:58.346
262,1,26550,27446273,LTE,2016-01-07 16:51:01.389
262,1,26550,27446273,LTE,2016-01-07 16:51:05.107
262,1,26550,27446273,LTE,2016-01-07 16:51:07.377
262,1,26550,27446273,LTE,2016-01-07 16:51:10.37
262,1,26550,27446273,LTE,2016-01-07 16:51:13.374
262,1,26550,27446273,LTE,2016-01-07 16:51:16.38
262,1,26550,27446272,LTE,2016-01-07 16:51:19.384
262,1,26550,27446272,LTE,2016-01-07 16:51:22.41
262,1,26550,27446272,LTE,2016-01-07 16:51:25.406
262,1,26550,27446272,LTE,2016-01-07 16:51:28.382
262,1,26550,27446272,LTE,2016-01-07 16:51:31.386
262,1,26550,27446272,LTE,2016-01-07 16:51:35.214
262,1,26550,27446272,LTE,2016-01-07 16:51:37.41
262,1,26550,27446272,LTE,2016-01-07 16:51:40.374
262,1,26550,27446272,LTE,2016-01-07 16:51:45.37
262,1,26550,27446272,LTE,2016-01-07 16:51:47.411
262,1,26550,27446272,LTE,2016-01-07 16:51:49.379
262,1,26550,27446272,LTE,2016-01-07 16:51:52.384
262,1,26550,27446272,LTE,2016-01-07 16:51:54.395
262,1,26550,27446272,LTE,2016-01-07 16:51:58.376
262,1,26550,27446272,LTE,2016-01-07 16:52:03.378
262,1,26550,27446272,LTE,2016-01-07 16:52:07.079
262,1,26550,27446272,LTE,2016-01-07 16:52:09.445
262,1,26550,27446272,LTE,2016-01-07 16:52:11.393
262,1,21162,2661932,UMTS,2016-01-07 16:52:14.121
262,1,21162,2661932,UMTS,2016-01-07 16:52:16.09
262,1,21162,2661932,UMTS,2016-01-07 16:52:18.082
262,1,21162,2661932,UMTS,2016-01-07 16:52:20.386
262,1,21162,2661932,UMTS,2016-01-07 16:52:23.415
262,1,21162,2660129,UMTS,2016-01-07 16:52:27.393
262,1,21162,2660129,UMTS,2016-01-07 16:52:30.065
262,1,21162,2660129,UMTS,2016-01-07 16:52:32.092
262,1,21162,2660129,UMTS,2016-01-07 16:52:34.382
262,1,21162,2660129,UMTS,2016-01-07 16:52:37.087
262,1,21162,2660129,UMTS,2016-01-07 16:52:39.377
262,1,21162,2660129,UMTS,2016-01-07 16:52:43.374
262,1,26550,27517697,LTE,2016-01-07 16:52:47.362
262,1,26550,27517697,LTE,2016-01-07 16:52:51.272
262,1,26550,27517697,LTE,2016-01-07 16:52:53.823
262,1,26550,27517697,LTE,2016-01-07 16:52:57.354
262,1,26550,27517697,LTE,2016-01-07 16:53:01.37
262,1,26550,26553345,LTE,2016-01-07 16:53:05.385
262,1,26550,26553345,LTE,2016-01-07 16:53:09.353
262,1,26550,26553345,LTE,2016-01-07 16:53:14.242
262,1,26550,26553345,LTE,2016-01-07 16:53:17.374
262,1,26550,26553345,LTE,2016-01-07 16:53:21.361
262,1,26550,26553345,LTE,2016-01-07 16:53:25.376
262,1,26550,27517696,LTE,2016-01-07 16:53:29.087
262,1,26550,27517696,LTE,2016-01-07 16:53:32.376
262,1,26550,27517696,LTE,2016-01-07 16:53:37.366
262,1,26550,27517696,LTE,2016-01-07 16:53:42.4
262,1,26550,27517696,LTE,2016-01-07 16:53:47.369
262,1,26550,27517696,LTE,2016-01-07 16:53:52.363
262,1,26550,26553346,LTE,2016-01-07 16:53:57.393
262,1,26550,26553346,LTE,2016-01-07 16:54:03.367
262,1,26550,26553346,LTE,2016-01-07 16:54:09.362
262,1,26550,26553346,LTE,2016-01-07 16:54:13.401
262,1,26550,26553346,LTE,2016-01-07 16:54:17.392
262,1,26550,26553346,LTE,2016-01-07 16:54:20.395
262,1,26550,26553346,LTE,2016-01-07 16:54:25.072
262,1,26550,27510016,LTE,2016-01-07 16:54:30.388
262,1,26550,27510016,LTE,2016-01-07 16:54:35.36
262,1,26550,27510016,LTE,2016-01-07 16:54:40.361
262,1,26550,27517696,LTE,2016-01-07 16:54:45.414
262,1,26550,27517696,LTE,2016-01-07 16:54:50.359
262,1,26550,27517696,LTE,2016-01-07 16:54:55.364
262,1,26550,27517696,LTE,2016-01-07 16:54:59.081
262,1,26550,27517696,LTE,2016-01-07 16:55:01.391
262,1,26550,27517696,LTE,2016-01-07 16:55:05.363
262,1,26550,27522049,LTE,2016-01-07 16:55:09.36
262,1,26550,27522049,LTE,2016-01-07 16:55:13.364
262,1,26550,27522049,LTE,2016-01-07 16:55:17.372
262,1,26550,27522049,LTE,2016-01-07 16:55:21.384
262,1,26550,27522049,LTE,2016-01-07 16:55:25.368
262,1,26550,27522049,LTE,2016-01-07 16:55:28.385
262,1,26550,27522049,LTE,2016-01-07 16:55:33.399
262,1,26550,27522049,LTE,2016-01-07 16:55:39.357
262,1,26550,27522049,LTE,2016-01-07 16:55:45.358
262,1,26550,27522049,LTE,2016-01-07 16:55:50.384
262,1,26550,27522049,LTE,2016-01-07 16:55:55.359
262,1,26550,27522049,LTE,2016-01-07 16:55:59.092
262,1,26550,27522049,LTE,2016-01-07 16:56:02.387
262,1,26550,27510273,LTE,2016-01-07 16:56:07.413
262,1,26550,27510273,LTE,2016-01-07 16:56:12.37
262,1,26550,27510273,LTE,2016-01-07 16:56:17.369
262,1,26550,27510273,LTE,2016-01-07 16:56:20.394
262,1,26550,27510273,LTE,2016-01-07 16:56:23.413
262,1,26550,27510273,LTE,2016-01-07 16:56:29.093
262,1,26550,26547973,LTE,2016-01-07 16:56:38.39
262,1,26550,26543361,LTE,2016-01-07 16:57:16.941
262,1,26550,26543361,LTE,2016-01-07 16:57:19.375
262,1,26550,26543361,LTE,2016-01-07 16:57:26.37
262,1,26550,26543361,LTE,2016-01-07 16:57:31.38
262,1,26550,26543361,LTE,2016-01-07 16:57:37.374
262,1,26550,26543361,LTE,2016-01-07 16:57:43.359
262,1,26550,27510273,LTE,2016-01-07 16:57:49.42
262,1,26550,27510273,LTE,2016-01-07 16:57:55.38
262,1,26550,27510273,LTE,2016-01-07 16:58:01.379
262,1,26550,27510273,LTE,2016-01-07 16:58:07.274
262,1,26550,27510273,LTE,2016-01-07 16:58:13.346
262,1,26550,27510274,LTE,2016-01-07 16:58:22.452
262,1,26550,27510274,LTE,2016-01-07 16:58:32.405
262,1,26550,27510274,LTE,2016-01-07 16:58:40.425
262,1,26550,27997697,LTE,2016-01-07 16:58:48.399
262,1,26550,27997697,LTE,2016-01-07 16:58:53.375
262,1,26550,27997697,LTE,2016-01-07 16:58:59.381
262,1,26550,27997697,LTE,2016-01-07 16:59:08.359
262,1,26550,27997698,LTE,2016-01-07 16:59:14.391
262,1,26550,27997698,LTE,2016-01-07 17:20:50.374
262,1,26550,27997698,LTE,2016-01-07 17:20:59.398
262,1,26550,27997697,LTE,2016-01-07 17:21:18.39
262,1,26550,27997697,LTE,2016-01-07 17:21:31.363
262,1,26550,27997697,LTE,2016-01-07 17:21:46.441
262,1,26550,27510274,LTE,2016-01-07 17:22:00.076
262,1,26550,27510274,LTE,2016-01-07 17:22:05.392
262,1,26550,27510274,LTE,2016-01-07 17:22:11.975
262,1,26550,27510274,LTE,2016-01-07 17:22:17.412
262,1,26550,27510274,LTE,2016-01-07 17:22:23.367
262,1,26550,27510274,LTE,2016-01-07 17:22:29.377
262,1,26550,27510273,LTE,2016-01-07 17:22:35.344
262,1,26550,27510273,LTE,2016-01-07 17:22:41.139
262,1,26550,27510273,LTE,2016-01-07 17:22:47.416
262,1,26550,27510273,LTE,2016-01-07 17:22:53.364
262,1,26550,27510273,LTE,2016-01-07 17:22:56.08
262,1,26550,27510273,LTE,2016-01-07 17:23:01.062
262,1,26550,27510273,LTE,2016-01-07 17:23:04.417
262,1,26550,27510273,LTE,2016-01-07 17:23:10.356
262,1,26550,27510273,LTE,2016-01-07 17:23:16.358
262,1,26550,27510273,LTE,2016-01-07 17:23:22.351
262,1,26550,27510273,LTE,2016-01-07 17:23:28.359
262,1,26550,27510273,LTE,2016-01-07 17:23:34.366
262,1,26550,27510273,LTE,2016-01-07 17:23:40.353
262,1,26550,27510273,LTE,2016-01-07 17:23:46.058
262,1,26550,26547970,LTE,2016-01-07 17:24:04.351
262,1,26550,26547970,LTE,2016-01-07 17:24:18.383
262,1,26550,26547970,LTE,2016-01-07 17:24:30.074
262,1,26550,26547970,LTE,2016-01-07 17:24:42.38
262,1,26550,26547970,LTE,2016-01-07 17:24:47.376
262,1,26550,26547970,LTE,2016-01-07 17:24:54.078
262,1,26550,27522049,LTE,2016-01-07 17:24:59.169
262,1,26550,27522049,LTE,2016-01-07 17:25:08.379
262,1,26550,27522049,LTE,2016-01-07 17:25:14.386
262,1,26550,27522049,LTE,2016-01-07 17:25:31.416
262,1,26550,27517696,LTE,2016-01-07 17:25:55.432
262,1,26550,27517696,LTE,2016-01-07 17:26:01.074
262,1,26550,27517696,LTE,2016-01-07 17:26:06.389
262,1,26550,27517696,LTE,2016-01-07 17:26:10.075
262,1,26550,27517696,LTE,2016-01-07 17:26:13.094
262,1,26550,27517696,LTE,2016-01-07 17:26:17.117
262,1,26550,27517696,LTE,2016-01-07 17:26:19.443
262,1,26550,27517696,LTE,2016-01-07 17:26:23.363
262,1,21162,2629900,UMTS,2016-01-07 17:26:27.386
262,1,21162,2629900,UMTS,2016-01-07 17:26:31.076
262,1,21162,2629900,UMTS,2016-01-07 17:26:37.073
262,1,21162,2629900,UMTS,2016-01-07 17:26:40.385
262,1,26550,26553346,LTE,2016-01-07 17:27:02.445
262,1,26550,26553346,LTE,2016-01-07 17:27:12.443
262,1,26550,26553346,LTE,2016-01-07 17:27:22.418
262,1,26550,26553346,LTE,2016-01-07 17:27:27.365
262,1,26550,27517696,LTE,2016-01-07 17:27:30.36
262,1,26550,27517696,LTE,2016-01-07 17:27:36.359
262,1,26550,27517696,LTE,2016-01-07 17:27:42.416
262,1,26550,27517696,LTE,2016-01-07 17:27:47.375
262,1,26550,27517696,LTE,2016-01-07 17:28:08.375
262,1,26550,27517696,LTE,2016-01-07 17:28:21.37
262,1,26550,27517696,LTE,2016-01-07 17:52:49.322
262,1,26550,27517696,LTE,2016-01-07 17:52:59.383
262,1,26550,27517696,LTE,2016-01-07 17:53:06.428
262,1,26550,27517696,LTE,2016-01-07 17:53:15.365
262,1,26550,27517696,LTE,2016-01-07 17:53:22.428
262,1,26550,27517696,LTE,2016-01-07 17:53:27.382
262,1,26550,27517696,LTE,2016-01-07 17:53:35.382
262,1,26550,27517696,LTE,2016-01-07 17:53:49.343
262,1,26550,27517698,LTE,2016-01-07 17:54:20.138
262,1,26550,27517698,LTE,2016-01-07 19:04:08.408
262,1,26550,27517698,LTE,2016-01-07 19:04:19.322
262,1,26550,27517698,LTE,2016-01-07 19:04:31.36
262,1,26550,27517696,LTE,2016-01-07 19:04:40.036
262,1,26550,27517696,LTE,2016-01-07 19:04:49.35
262,1,26550,27517696,LTE,2016-01-07 19:04:56.325
262,1,26550,27517696,LTE,2016-01-07 19:05:04.363
262,1,26550,27517696,LTE,2016-01-07 19:05:10.333
262,1,26550,27517696,LTE,2016-01-07 19:05:16.358
262,1,26550,27517696,LTE,2016-01-07 19:05:26.346
262,1,26550,27517696,LTE,2016-01-07 19:12:09.384
262,1,26550,27517696,LTE,2016-01-07 19:12:19.375
262,1,26550,27517696,LTE,2016-01-07 19:12:25.39
262,1,26550,26547972,LTE,2016-01-07 19:12:32.031
262,1,26550,26547972,LTE,2016-01-07 19:12:36.334
262,1,26550,26547972,LTE,2016-01-07 19:12:42.375
262,1,26550,27517697,LTE,2016-01-07 19:12:50.016
262,1,26550,27517697,LTE,2016-01-07 19:12:56.343
262,1,26550,27443968,LTE,2016-01-07 19:14:28.381
262,1,26550,27443969,LTE,2016-01-07 19:14:35.328
262,1,26550,27443969,LTE,2016-01-07 19:14:44.366
262,1,26550,27443969,LTE,2016-01-07 19:14:51.32
262,1,26550,27443969,LTE,2016-01-07 19:14:56.329
262,1,26550,27443969,LTE,2016-01-07 19:15:02.063
262,1,26550,27443969,LTE,2016-01-07 19:15:07.328
262,1,26550,27443969,LTE,2016-01-07 19:15:16.316
262,1,26550,27443969,LTE,2016-01-07 19:15:25.336
262,1,26550,27443969,LTE,2016-01-07 19:15:34.04
262,1,21162,2645776,UMTS,2016-01-07 19:15:43.131
262,1,21162,2645776,UMTS,2016-01-07 19:15:50.366
262,1,21162,2645776,UMTS,2016-01-07 19:15:54.342
262,1,21162,2645776,UMTS,2016-01-07 19:15:59.344
262,1,21162,2645776,UMTS,2016-01-07 19:16:03.35
262,1,21162,2645776,UMTS,2016-01-07 19:16:07.376
262,1,21162,2645776,UMTS,2016-01-07 19:16:14.387
262,1,21162,2645776,UMTS,2016-01-07 19:16:20.09
262,1,21162,2645776,UMTS,2016-01-07 19:16:25.359
262,1,21162,2645043,UMTS,2016-01-07 19:16:30.343
262,1,21162,2645043,UMTS,2016-01-07 19:16:36.355
262,1,21162,2645043,UMTS,2016-01-07 19:16:40.37
262,1,21162,2645043,UMTS,2016-01-07 19:16:44.341
262,1,21162,2645043,UMTS,2016-01-07 19:16:48.351
262,1,21162,2651181,UMTS,2016-01-07 19:16:52.363
262,1,21162,2651181,UMTS,2016-01-07 19:16:55.387
262,1,21162,2651181,UMTS,2016-01-07 19:17:00.348
262,1,21162,2651181,UMTS,2016-01-07 19:17:05.084
262,1,21162,2651181,UMTS,2016-01-07 19:17:09.361
262,1,21162,2651181,UMTS,2016-01-07 19:17:11.539
262,1,26550,27517698,LTE,2016-01-07 19:17:15.413
262,1,26550,27517698,LTE,2016-01-07 19:17:19.331
262,1,26550,27517698,LTE,2016-01-07 19:17:23.348
262,1,26550,27517698,LTE,2016-01-07 19:17:30.335
262,1,26550,27517698,LTE,2016-01-07 19:17:44.045
262,1,26550,27517698,LTE,2016-01-07 19:17:46.323
262,1,26550,27517698,LTE,2016-01-07 19:17:49.048
262,1,26550,27517698,LTE,2016-01-07 19:17:53.381
262,1,26550,27517698,LTE,2016-01-07 19:17:57.356
262,1,26550,27517698,LTE,2016-01-07 19:17:59.402
262,1,26550,27517698,LTE,2016-01-07 19:18:03.043
262,1,26550,27517698,LTE,2016-01-07 19:18:07.345
262,1,26550,26547970,LTE,2016-01-07 19:18:11.389
262,1,26550,26547970,LTE,2016-01-07 19:18:25.072
262,1,21162,2657181,UMTS,2016-01-07 19:18:30.336
262,1,21162,2657181,UMTS,2016-01-07 19:18:34.357
262,1,21162,2657181,UMTS,2016-01-07 19:18:39.383
262,1,21162,2630845,UMTS,2016-01-07 19:18:47.068
262,1,21162,2630845,UMTS,2016-01-07 19:18:51.367
262,1,21162,2630845,UMTS,2016-01-07 19:18:58.379
262,1,21162,2630845,UMTS,2016-01-07 19:19:05.121
262,1,21162,2630845,UMTS,2016-01-07 19:19:12.357
262,1,21162,2630845,UMTS,2016-01-07 19:19:17.37
262,1,21162,2630845,UMTS,2016-01-07 19:19:25.354
262,1,21162,2630845,UMTS,2016-01-07 19:19:30.46
262,1,26550,27446274,LTE,2016-01-07 19:20:11.34
262,1,26550,27446274,LTE,2016-01-07 19:20:12.357
262,1,26550,27446274,LTE,2016-01-07 19:20:16.311
262,1,26550,27446274,LTE,2016-01-07 19:20:19.338
262,1,26550,27446274,LTE,2016-01-07 19:20:24.373
262,1,26550,27446274,LTE,2016-01-07 19:20:29.385
262,1,26550,27446274,LTE,2016-01-07 19:20:34.326
262,1,26550,27446274,LTE,2016-01-07 19:20:39.353
262,1,26550,27446274,LTE,2016-01-07 19:20:45.576
262,1,26550,27446274,LTE,2016-01-07 19:20:53.06
262,1,26550,27446274,LTE,2016-01-07 19:20:57.348
262,1,26550,27446274,LTE,2016-01-07 19:21:05.342
262,1,26550,27446274,LTE,2016-01-07 19:21:09.417
262,1,26550,27446274,LTE,2016-01-07 19:21:17.38
262,1,26550,27446274,LTE,2016-01-07 19:21:25.329
262,1,26550,27446274,LTE,2016-01-07 19:21:31.318
262,1,26550,27446274,LTE,2016-01-07 19:21:53.18
262,1,26550,27446274,LTE,2016-01-07 19:22:02.299
262,1,26550,27446274,LTE,2016-01-07 19:22:05.377
262,1,26550,27446274,LTE,2016-01-07 19:22:10.329
262,1,26550,27446274,LTE,2016-01-07 19:22:14.317
262,1,26550,27446274,LTE,2016-01-07 19:22:17.332
262,1,26550,27446274,LTE,2016-01-07 19:22:22.332
262,1,26550,27446274,LTE,2016-01-07 19:22:27.339
262,1,26550,27446274,LTE,2016-01-07 19:22:32.323
262,1,26550,27446274,LTE,2016-01-07 19:22:36.339
262,1,26550,27446274,LTE,2016-01-07 19:22:43.354
262,1,26550,27446273,LTE,2016-01-07 19:22:57.41
262,1,26550,27446273,LTE,2016-01-07 19:23:10.335
262,1,26550,27446273,LTE,2016-01-07 19:23:16.391
262,1,26550,27446273,LTE,2016-01-07 19:23:22.34
262,1,26550,27511554,LTE,2016-01-07 19:23:27.318
262,1,26550,27511554,LTE,2016-01-07 19:23:31.049
262,1,26550,27511554,LTE,2016-01-07 19:23:33.346
262,1,26550,27511554,LTE,2016-01-07 19:23:37.036
262,1,26550,27511554,LTE,2016-01-07 19:23:39.371
262,1,26550,27511554,LTE,2016-01-07 19:23:43.368
262,1,26550,27511554,LTE,2016-01-07 19:23:45.323
262,1,26550,27446273,LTE,2016-01-07 19:23:47.325
262,1,26550,27446273,LTE,2016-01-07 19:23:49.325
262,1,26550,27446273,LTE,2016-01-07 19:23:51.329
262,1,26550,27446273,LTE,2016-01-07 19:23:55.374
262,1,26550,27446273,LTE,2016-01-07 19:23:58.225
262,1,26550,27446273,LTE,2016-01-07 19:24:00.355
262,1,26550,27446273,LTE,2016-01-07 19:24:03.328
262,1,26550,27446273,LTE,2016-01-07 19:24:06.043
262,1,26550,27446273,LTE,2016-01-07 19:24:08.172
262,1,26550,27446273,LTE,2016-01-07 19:24:11.349
262,1,26550,27446273,LTE,2016-01-07 19:24:13.039
262,1,26550,27446273,LTE,2016-01-07 19:24:16.387
262,1,26550,27511554,LTE,2016-01-07 19:24:19.347
262,1,26550,27511554,LTE,2016-01-07 19:24:21.347
262,1,26550,27511554,LTE,2016-01-07 19:24:24.341
262,1,26550,27511554,LTE,2016-01-07 19:24:27.335
262,1,26550,27511554,LTE,2016-01-07 19:24:30.373
262,1,26550,27511554,LTE,2016-01-07 19:24:33.378
262,1,26550,27511554,LTE,2016-01-07 19:24:35.058
262,1,26550,27511554,LTE,2016-01-07 19:24:38.346
262,1,26550,31704320,LTE,2016-01-07 19:24:51.354
262,1,26550,31704320,LTE,2016-01-07 19:24:53.842
262,1,26550,31704320,LTE,2016-01-07 19:24:56.372
262,1,26550,31704320,LTE,2016-01-07 19:24:59.342
262,1,26550,31704320,LTE,2016-01-07 19:25:02.362
262,1,26550,31704320,LTE,2016-01-07 19:25:05.354
262,1,26550,31710208,LTE,2016-01-07 19:25:10.666
262,1,26550,31710208,LTE,2016-01-07 19:25:14.342
262,1,26550,31710208,LTE,2016-01-07 19:25:17.336
262,1,26550,27511553,LTE,2016-01-07 19:25:20.028
262,1,26550,27511553,LTE,2016-01-07 19:25:23.348
262,1,26550,27511553,LTE,2016-01-07 19:25:26.361
262,1,26550,27511553,LTE,2016-01-07 19:25:29.318
262,1,26550,27511553,LTE,2016-01-07 19:25:32.056
262,1,26550,27511553,LTE,2016-01-07 19:25:35.044
262,1,21162,2635416,UMTS,2016-01-07 19:25:49.377
262,1,21162,2635416,UMTS,2016-01-07 19:25:52.339
262,1,21162,2635416,UMTS,2016-01-07 19:25:54.045
262,1,21162,2635416,UMTS,2016-01-07 19:25:57.334
262,1,26550,31703552,LTE,2016-01-07 19:26:00.906
262,1,26550,31703552,LTE,2016-01-07 19:26:03.832
262,1,26550,31703552,LTE,2016-01-07 19:26:06.284
262,1,26550,31703552,LTE,2016-01-07 19:26:09.391
262,1,26550,31703552,LTE,2016-01-07 19:26:12.044
262,1,26550,31703552,LTE,2016-01-07 19:26:15.345
262,1,25510,32268289,LTE,2016-01-07 19:26:18.346
262,1,25510,32268289,LTE,2016-01-07 19:26:21.341
262,1,25510,32268289,LTE,2016-01-07 19:26:24.373
262,1,25510,32268289,LTE,2016-01-07 19:26:27.322
262,1,25510,32268289,LTE,2016-01-07 19:26:30.336
262,1,25510,32268289,LTE,2016-01-07 19:26:33.348
262,1,25510,32268289,LTE,2016-01-07 19:26:36.636
262,1,25510,32268289,LTE,2016-01-07 19:26:39.407
262,1,25510,32268289,LTE,2016-01-07 19:26:53.35
262,1,25510,32268289,LTE,2016-01-07 19:26:56.326
262,1,25510,32268289,LTE,2016-01-07 19:26:58.363
262,1,25510,32268289,LTE,2016-01-07 19:27:01.349
262,1,25510,32268289,LTE,2016-01-07 19:27:04.35
262,1,25510,32268289,LTE,2016-01-07 19:27:07.389
262,1,25510,32268289,LTE,2016-01-07 19:27:10.371
262,1,25510,32268289,LTE,2016-01-07 19:27:13.042
262,1,25510,32268289,LTE,2016-01-07 19:27:16.34
262,1,25510,32268289,LTE,2016-01-07 19:27:19.337
262,1,25510,32268289,LTE,2016-01-07 19:27:22.436
262,1,21053,55420,GSM,2016-01-07 19:27:25.042
262,1,21053,55420,GSM,2016-01-07 19:27:28.327
262,1,21053,55420,GSM,2016-01-07 19:27:31.354
262,1,21053,55420,GSM,2016-01-07 19:27:34.356
262,1,21053,55420,GSM,2016-01-07 19:27:37.338
262,1,21053,55420,GSM,2016-01-07 19:27:40.47
262,1,21053,55420,GSM,2016-01-07 19:27:43.037
262,1,25510,29063936,LTE,2016-01-07 19:27:45.055
262,1,25510,29063936,LTE,2016-01-07 19:27:48.033
262,1,25510,29063936,LTE,2016-01-07 19:27:50.338
262,1,25510,29063936,LTE,2016-01-07 19:27:53.041
262,1,25510,29063936,LTE,2016-01-07 19:27:56.382
262,1,25510,32268289,LTE,2016-01-07 19:27:59.351
262,1,25510,32268289,LTE,2016-01-07 19:28:03.355
262,1,25510,32268289,LTE,2016-01-07 19:28:05.041
262,1,25510,32268289,LTE,2016-01-07 19:28:08.066
262,1,25510,32268289,LTE,2016-01-07 19:28:11.364
262,1,21162,2665991,UMTS,2016-01-07 19:28:15.051
262,1,21162,2665991,UMTS,2016-01-07 19:28:18.237
262,1,21162,2665991,UMTS,2016-01-07 19:28:20.327
262,1,21162,2665991,UMTS,2016-01-07 19:28:23.352
262,1,21162,2665991,UMTS,2016-01-07 19:28:28.9
262,1,21162,2665991,UMTS,2016-01-07 19:28:32.316
262,1,21162,2665991,UMTS,2016-01-07 19:28:35.322
262,1,21162,2665991,UMTS,2016-01-07 19:28:38.462
262,1,21162,2665991,UMTS,2016-01-07 19:28:41.386
262,1,21162,2665991,UMTS,2016-01-07 19:28:44.087
262,1,25510,29063937,LTE,2016-01-07 19:28:47.309
262,1,25510,29063937,LTE,2016-01-07 19:28:50.335
262,1,25510,29063937,LTE,2016-01-07 19:28:53.09
262,1,25510,29063937,LTE,2016-01-07 19:28:56.332
262,1,25510,29063937,LTE,2016-01-07 19:28:59.375
262,1,25510,29063937,LTE,2016-01-07 19:29:02.354
262,1,25510,29063937,LTE,2016-01-07 19:29:05.336
262,1,25510,29063937,LTE,2016-01-07 19:29:18.35
262,1,25510,29063937,LTE,2016-01-07 19:29:20.824
262,1,25510,29063937,LTE,2016-01-07 19:29:23.595
262,1,25510,29063937,LTE,2016-01-07 19:29:26.035
262,1,25510,29063937,LTE,2016-01-07 19:29:29.357
262,1,25510,29063937,LTE,2016-01-07 19:29:32.34
262,1,25510,29063937,LTE,2016-01-07 19:29:35.318
262,1,25510,29063937,LTE,2016-01-07 19:29:38.041
262,1,25510,29063937,LTE,2016-01-07 19:29:41.339
262,1,25510,29063937,LTE,2016-01-07 19:29:44.314
262,1,25510,29063937,LTE,2016-01-07 19:29:47.328
262,1,25510,29063937,LTE,2016-01-07 19:29:50.07
262,1,21053,61189,GSM,2016-01-07 19:30:05.535
262,1,21053,61189,GSM,2016-01-07 19:30:06.323
262,1,21053,61189,GSM,2016-01-07 19:30:08.085
262,1,21053,61189,GSM,2016-01-07 19:30:10.043
262,1,21053,61189,GSM,2016-01-07 19:30:13.05
262,1,21053,61189,GSM,2016-01-07 19:30:16.345
262,1,21053,61189,GSM,2016-01-07 19:30:19.313
262,1,21053,61189,GSM,2016-01-07 19:30:22.345
262,1,21053,61189,GSM,2016-01-07 19:30:25.336
262,1,25510,25965312,LTE,2016-01-07 19:30:29.324
262,1,25510,25965312,LTE,2016-01-07 19:30:31.338
262,1,25510,25965312,LTE,2016-01-07 19:30:34.31
262,1,25510,25965312,LTE,2016-01-07 19:30:37.333
262,1,25510,25965312,LTE,2016-01-07 19:30:40.326
262,1,25510,25965312,LTE,2016-01-07 19:30:43.339
262,1,25510,25965312,LTE,2016-01-07 19:30:46.358
262,1,25510,25965312,LTE,2016-01-07 19:30:49.345
262,1,25510,25965312,LTE,2016-01-07 19:31:03.392
262,1,25510,25965312,LTE,2016-01-07 19:31:06.185
262,1,25510,25965312,LTE,2016-01-07 19:31:08.067
262,1,25510,25965312,LTE,2016-01-07 19:31:11.327
262,1,25510,25965312,LTE,2016-01-07 19:31:14.327
262,1,25510,25965312,LTE,2016-01-07 19:31:17.322
262,1,25510,25965312,LTE,2016-01-07 19:31:20.365
262,1,25510,25965312,LTE,2016-01-07 19:31:23.024
262,1,25510,25965312,LTE,2016-01-07 19:31:26.315
262,1,25510,25965312,LTE,2016-01-07 19:31:29.324
262,1,25510,25965312,LTE,2016-01-07 19:31:32.343
262,1,25510,25965312,LTE,2016-01-07 19:31:35.381
262,1,25510,25965312,LTE,2016-01-07 19:31:38.359
262,1,25510,25965312,LTE,2016-01-07 19:31:41.035
262,1,25510,25965312,LTE,2016-01-07 19:31:44.328
262,1,25510,25965312,LTE,2016-01-07 19:31:47.315
262,1,25510,25965312,LTE,2016-01-07 19:31:50.435
262,1,21053,24162,GSM,2016-01-07 19:31:53.063
262,1,21053,24162,GSM,2016-01-07 19:31:56.32
262,1,21053,24162,GSM,2016-01-07 19:31:59.345
262,1,21053,24162,GSM,2016-01-07 19:32:01.341
262,1,21053,24162,GSM,2016-01-07 19:32:03.33
262,1,21053,24162,GSM,2016-01-07 19:32:05.374
262,1,21053,24162,GSM,2016-01-07 19:32:07.041
262,1,25510,25965312,LTE,2016-01-07 19:32:09.038
262,1,25510,25965312,LTE,2016-01-07 19:32:11.341
262,1,25510,25965312,LTE,2016-01-07 19:32:13.32
262,1,25510,25965312,LTE,2016-01-07 19:32:15.335
262,1,25510,25965312,LTE,2016-01-07 19:32:17.332
262,1,25510,25965312,LTE,2016-01-07 19:32:19.334
262,1,25510,25965312,LTE,2016-01-07 19:32:21.463
262,1,25510,25965312,LTE,2016-01-07 19:32:23.336
262,1,25510,25965312,LTE,2016-01-07 19:32:25.337
262,1,25510,25965312,LTE,2016-01-07 19:32:27.355
262,1,25510,30589184,LTE,2016-01-07 19:32:29.309
262,1,25510,30589184,LTE,2016-01-07 19:32:32.315
262,1,25510,30589184,LTE,2016-01-07 19:32:36.325
262,1,25510,30589184,LTE,2016-01-07 19:32:40.33
262,1,25510,30589184,LTE,2016-01-07 19:32:45.318
262,1,25510,30589184,LTE,2016-01-07 19:32:50.347
262,1,25510,30589184,LTE,2016-01-07 19:32:55.375
262,1,25510,30589184,LTE,2016-01-07 19:32:59.321
262,1,25510,30589184,LTE,2016-01-07 19:33:02.338
262,1,25510,30589184,LTE,2016-01-07 19:33:07.387
262,1,25510,30589184,LTE,2016-01-07 19:33:12.354
262,1,25510,30589184,LTE,2016-01-07 19:33:17.307
262,1,25510,30589184,LTE,2016-01-07 19:33:21.327
262,1,25510,30171392,LTE,2016-01-07 19:33:25.36
262,1,25510,30171392,LTE,2016-01-07 19:33:29.363
262,1,25510,30171392,LTE,2016-01-07 19:33:33.349
262,1,25510,30171392,LTE,2016-01-07 19:33:39.369
262,1,25510,30171392,LTE,2016-01-07 19:33:43.045
262,1,25510,25825793,LTE,2016-01-07 19:33:58.372
262,1,25510,25825793,LTE,2016-01-07 19:34:08.093
262,1,25510,25825793,LTE,2016-01-07 19:34:11.387
262,1,25510,25825793,LTE,2016-01-07 19:34:15.358
262,1,25510,25825793,LTE,2016-01-07 19:34:19.344
262,1,25510,25825793,LTE,2016-01-07 19:34:23.399
262,1,25510,25825793,LTE,2016-01-07 19:34:27.049
262,1,25510,25825793,LTE,2016-01-07 19:34:31.363
262,1,25510,25825793,LTE,2016-01-07 19:34:35.342
262,1,25510,25825793,LTE,2016-01-07 19:34:39.379
262,1,25510,25825793,LTE,2016-01-07 19:34:43.396
262,1,21068,48557,GSM,2016-01-07 19:34:49.092
262,1,21068,48557,GSM,2016-01-07 19:34:52.066
262,1,21068,48557,GSM,2016-01-07 19:35:04.358
262,1,21068,48557,GSM,2016-01-07 19:35:08.073
262,1,25510,30572032,LTE,2016-01-07 19:35:12.335
262,1,25510,30572032,LTE,2016-01-07 19:35:16.334
262,1,25510,30572032,LTE,2016-01-07 19:35:20.355
262,1,25510,30572032,LTE,2016-01-07 19:35:24.34
262,1,25510,30572032,LTE,2016-01-07 19:35:27.337
262,1,25510,30572032,LTE,2016-01-07 19:35:31.372
262,1,25510,30572032,LTE,2016-01-07 19:35:35.371
262,1,25510,30572032,LTE,2016-01-07 19:35:40.018
262,1,25510,30572032,LTE,2016-01-07 19:35:43.389
262,1,25510,30572032,LTE,2016-01-07 19:35:47.16
262,1,25510,30572032,LTE,2016-01-07 19:35:51.394
262,1,25510,30572033,LTE,2016-01-07 19:35:53.331
262,1,25510,30572033,LTE,2016-01-07 19:35:55.33
262,1,25510,30572033,LTE,2016-01-07 19:35:57.328
262,1,25510,30572033,LTE,2016-01-07 19:35:59.324
262,1,25510,30572033,LTE,2016-01-07 19:36:03.362
262,1,25510,30572033,LTE,2016-01-07 19:36:05.374
262,1,25510,30572033,LTE,2016-01-07 19:36:07.384
262,1,25510,30572033,LTE,2016-01-07 19:36:09.363
262,1,25510,30572033,LTE,2016-01-07 19:36:11.363
262,1,25510,30572033,LTE,2016-01-07 19:36:13.356
262,1,25510,30572033,LTE,2016-01-07 19:36:15.356
262,1,25510,30572033,LTE,2016-01-07 19:36:17.336
262,1,25510,30572033,LTE,2016-01-07 19:36:19.368
262,1,25510,30572033,LTE,2016-01-07 19:36:32.374
262,1,25510,30572033,LTE,2016-01-07 19:36:42.36
262,1,25510,25825793,LTE,2016-01-07 19:36:57.383
262,1,25510,25825793,LTE,2016-01-07 19:37:06.431
262,1,25510,25825793,LTE,2016-01-07 19:37:11.385
262,1,25510,25825793,LTE,2016-01-07 19:37:17.376
262,1,25510,25825793,LTE,2016-01-07 19:37:23.485
262,1,25510,28033794,LTE,2016-01-07 19:37:56.342
262,1,25510,28033794,LTE,2016-01-07 19:38:01.349
262,1,25510,28033794,LTE,2016-01-07 19:38:05.323
262,1,25510,28033794,LTE,2016-01-07 19:38:28.765
262,1,25510,28033794,LTE,2016-01-07 19:38:33.324
262,1,25510,28033794,LTE,2016-01-07 19:39:06.373
262,1,25510,28033794,LTE,2016-01-07 19:39:11.323
262,1,25510,28033794,LTE,2016-01-07 19:39:17.331
262,1,25510,28016642,LTE,2016-01-07 19:39:23.362
262,1,25510,28016642,LTE,2016-01-07 19:39:29.346
262,1,25510,28016642,LTE,2016-01-07 19:39:34.334
262,1,25510,30588674,LTE,2016-01-07 19:39:38.063
262,1,25510,30588674,LTE,2016-01-07 19:39:43.34
262,1,25510,30588674,LTE,2016-01-07 19:39:49.337
262,1,25510,30588674,LTE,2016-01-07 19:39:54.396
262,1,25510,30588674,LTE,2016-01-07 19:40:02.338
262,1,25510,30588674,LTE,2016-01-07 19:40:07.36
262,1,25510,30588674,LTE,2016-01-07 19:40:12.371
262,1,25510,30588674,LTE,2016-01-07 19:40:20.368
262,1,25510,30588674,LTE,2016-01-07 19:40:31.371
262,1,25510,30588674,LTE,2016-01-07 19:40:43.372
262,1,25510,30588674,LTE,2016-01-07 19:40:54.416
262,1,25510,30588674,LTE,2016-01-07 19:41:00.042
262,1,25510,30588674,LTE,2016-01-07 19:41:05.332
262,1,25510,30588674,LTE,2016-01-07 19:41:13.323
262,1,25510,30588673,LTE,2016-01-07 19:41:21.334
262,1,25510,30588673,LTE,2016-01-07 19:41:28.369
262,1,25510,30588673,LTE,2016-01-07 19:41:38.345
262,1,25510,30588673,LTE,2016-01-07 19:41:47.357
262,1,25510,30588673,LTE,2016-01-07 19:41:54.344
262,1,25510,30588674,LTE,2016-01-07 19:42:02.357
262,1,25510,30588674,LTE,2016-01-07 19:42:10.338
262,1,21161,2673043,UMTS,2016-01-07 19:42:16.367
262,1,21161,2673043,UMTS,2016-01-07 19:42:29.319
262,1,25510,28016641,LTE,2016-01-07 19:42:39.046
262,1,25510,28016641,LTE,2016-01-07 19:42:45.482
262,1,25510,28016641,LTE,2016-01-07 19:42:51.336
262,1,21161,2650298,UMTS,2016-01-07 19:43:01.378
262,1,25510,28016641,LTE,2016-01-07 19:43:12.039
262,1,25510,28016641,LTE,2016-01-07 19:43:18.584
262,1,25510,28016641,LTE,2016-01-07 19:43:23.372
262,1,25510,28033793,LTE,2016-01-07 19:43:32.408
262,1,25510,28033793,LTE,2016-01-07 19:43:41.16
262,1,21161,2661469,UMTS,2016-01-07 19:47:44.045
